1.106708 cert_ms23,11.1.498295 Live,12.1.700123 cert_ms30_oct19
01D0631BCC791704,01D0E716A9BE900F,01D12834D9DBF303
2E8A,2D32,4474
3488,4B3B,46D5
2E8B,2D33,4475
2E8C,2D34,4476
2E8E,2D36,4478
2E8F,2D37,4479
2E90,2D38,2ED6
2E91,2D39,2EDD
2E92,2D3A,2ED7
2E93,2D3B,2EDE
2E94,2D3C,2ED8
2E95,2D3D,2EDB
2E96,2D3E,2EDC
2E97,2D3F,2EE3
2E98,2D40,2ED9
2E99,2D41,2EDA
2E9A,2D42,2EE0
2E9B,2D43,2F30
2E9C,2D44,2EE2
2E9D,2D45,2EE1
2E9E,2D46,2EE4
2E9F,2D47,2F32
2EA0,2D48,447A
2EA1,2D49,447B
2EA2,2D4A,447C
2EA3,2D4B,447D
2EA4,2D4C,447E
2EA5,2D4D,447F
2EA6,2D4E,2EE8
2EA7,2D4F,2EDF
2EA8,2D50,2F33
14FB,0D1B,11C9
1596,0D8D,1263
284C,2899,2EEF
01AF,00BE,00D8
01AC,00BB,00D5
01B2,00C1,00DB
1564,0D54,1202
1567,0D57,1205
1561,0D51,11FF
1A6B,1041,40B5
2EA9,2D51,2EF0
2EAA,2D52,2EF1
2EAB,2D53,2EF2
2EAC,2D54,2EF3
1565,0D55,1203
1B8F,115A,16B0
1B8E,1159,16AF
157C,0D6B,1219
14FE,0D1E,11CC
1525,0D45,11F3
1A45,0D70,121E
157D,0D6C,121A
159E,0D6D,121B
157E,0D6E,121C
14F8,0D18,11C6
14FF,0D1F,11CD
150C,0D2C,11DA
151E,0D3E,11EC
15B1,0D71,121F
15B3,0D6F,121D
15B2,0D73,1221
2EAD,2D55,4480
2EAE,2D56,4481
2EC3,2D6B,2F27
2EC4,2D6C,2F28
2EC5,2D6D,2F29
2EC6,2D6E,2F2A
2EC7,2D6F,2F2B
2EC8,2D70,2F2C
2EC9,2D71,2F2D
2ECA,2D72,2F2E
2ECB,2D73,2F2F
2ECC,2D74,2F31
2ECD,2D75,2F4A
2ECE,2D76,4484
2ECF,2D77,2F4E
2ED0,2D78,4485
2ED1,2D79,4486
2ED2,2D7A,2F51
2ED3,2D7B,4487
2ED4,2D7C,4488
2ED5,2D7D,4489
2ED6,2D7E,448A
2ED7,2D7F,448B
2ED8,2D80,448C
2ED9,2D81,448D
2EDA,2D82,448E
2EDB,2D83,448F
2EDC,2D84,3AEE
2EBB,2D63,4483
2EDD,2D85,4490
2EDE,2D86,4491
2EDF,2D87,4492
2EE0,2D88,4493
2EE1,2D89,4494
2EE2,2D8A,4495
2EE3,2D8B,4496
2EAF,2D57,2F11
2EB0,2D58,3ADE
2EB1,2D59,3ADF
2EB2,2D5A,2F0B
2EB3,2D5B,3ADD
2EB4,2D5C,2F07
2EB5,2D5D,2F08
2EB6,2D5E,2F09
2EB7,2D5F,2F12
2EB8,2D60,2F13
2EB9,2D61,2F14
2EE4,2D8C,4497
2EBA,2D62,4482
2EE5,2D8D,4498
2EE6,2D8E,4499
2EE7,2D8F,449A
2EE8,2D90,449B
2EC2,2D6A,2F26
2EBE,2D66,2F1E
2EE9,2D91,2F76
2EEA,2D92,2F77
2EEB,2D93,2F78
2EEC,2D94,2F79
2EED,2D95,2F7A
2EEE,2D96,2F7B
2EEF,2D97,2F7C
2EF0,2D98,2F7D
2EF1,2D99,2F7E
2EF2,2D9A,2F7F
2EF3,2D9B,2F80
2EF4,2D9C,449C
2EF5,2D9D,449D
2EF6,2D9E,449E
2EF7,2D9F,449F
2EF8,2DA0,44A0
2EF9,2DA1,44A1
2EFA,2DA2,44A2
2EFB,2DA3,44A3
2EFC,2DA4,44A4
3489,4B3C,46D6
348A,4B3D,46D7
348C,4B3F,46D9
348D,4B40,46DA
348E,3902,40B2
348F,4B41,46DB
3490,4B42,46DC
3491,4B43,46DD
3492,3900,40B0
3493,3901,40B1
3494,4B44,46DE
3495,41CE,3AD1
3496,4B45,46DF
3497,4B46,46E0
01E6,00F5,0113
01E5,00F4,0112
151F,0D3F,11ED
151A,0D3A,11E8
1519,0D39,11E7
1598,0D8F,1265
1517,0D37,11E5
1518,0D38,11E6
1566,0D56,1204
1A54,0D74,1223
3498,4B47,46E1
3499,4B48,46E2
349A,4B49,46E3
349B,4B4A,46E4
349C,4B4B,46E5
349D,4B4C,46E6
349E,4B4D,46E7
349F,4B4E,46E8
34A0,4B4F,46E9
34A1,4B50,46EA
34A2,4B51,46EB
34A3,4B52,46EC
34AC,4B54,46EF
34AD,4B55,46F0
34AE,4B56,46F1
34AF,4B57,46F2
34B0,4B58,46F3
34B1,4B59,46F4
34B2,4B5A,46F5
34B3,4B5B,46F6
34B4,32CA,40D9
34B5,3933,2F66
34B6,4B5C,46F7
34B7,3733,46F8
34B8,4B5D,46F9
34B9,374B,2F69
34BA,4B5E,46FA
34BB,4B5F,46FB
34BC,4B60,46FC
34BD,3749,46FD
34BE,497B,46FE
34BF,4B61,46FF
34C0,4B62,4700
2EBC,2D64,3AE0
34A5,3F06,2F0C
2EBD,2D65,2F10
34A4,3911,2F06
34C1,3918,2F0E
3298,308A,37E8
34A8,4B53,46EE
34A9,393E,2F71
34C2,3AB8,3D53
34C3,4B63,4701
34A7,3F08,3AE1
34C5,4B65,4703
34C6,3944,40E9
2EC0,2D68,2F24
2EC1,2D69,2F25
34C7,4B66,4704
34C8,4B67,4705
34C9,4B68,4706
34CA,4B69,4707
34CB,3948,40ED
34CC,4B6A,4708
34CD,4B6B,4709
34CE,4B6C,470A
34CF,4B6D,470B
34D0,4B6E,470C
34D1,4B6F,470D
2F45,2DED,44EC
2F46,2DEE,44ED
2F47,2DEF,44EE
2F48,2DF0,44EF
3016,2EC4,457C
302E,2EDC,3106
26AA,1CA5,235B
303F,2EED,458E
3051,2EFF,45A3
3059,2F07,45AB
3069,2F17,45BB
3079,2F27,45CB
307A,2F28,45CC
307B,2F29,45CD
3086,2F34,45D8
308C,2F3A,3748
287A,28C7,3386
2525,1BBA,222C
308D,2F3B,3749
15B7,0DA9,130C
287B,28C8,3387
308E,2F3C,374A
150E,0D2E,11DC
30F6,2F50,3185
30F7,2F51,3186
30F8,2F52,3187
30F9,2F53,3188
30FA,2F54,3189
30FB,2F55,318A
30FC,2F56,318B
30FD,2F57,318C
30FE,2F58,318D
30FF,2F59,318E
30A5,2F5D,3193
3103,2F5E,3194
2879,28C6,3385
2199,1762,1C35
15B6,0DA8,130B
287C,28C9,3388
15B5,0DA7,130A
04EE,0407,042C
04EF,0408,042D
0231,0144,0162
04F0,0409,042E
04F1,040A,042F
04F2,040B,0430
0335,0249,0268
0336,024A,0269
022B,013E,015C
0337,024B,026A
0338,024C,026B
0339,024D,026C
054F,0468,048D
0550,0469,048E
0551,046A,048F
0552,046B,0490
0553,046C,0491
196D,0E97,13FA
18AA,0DD2,1337
18AB,0DD3,1338
196E,0E98,13FB
196F,0E99,13FC
1970,0E9A,13FD
19EB,0F1B,1478
15D1,0DB9,131B
19EC,0F1C,1479
19ED,0F1D,147A
1934,0E5E,13C1
15D2,0DBA,131C
1935,0E5F,13C2
18AE,0DD6,133B
1A6D,1043,15C5
022D,0140,015E
1A6E,1044,4220
1A6F,1045,15C7
06B5,0DDB,05FA
317E,2FF3,339A
317F,2FF4,339B
3180,2FF5,339C
319F,3016,33BF
31A0,3017,33C0
1960,0E8A,13ED
1962,0E8C,13EF
31AC,3023,33CC
31AD,3024,33CD
31AE,3025,33CE
31AF,3026,33CF
31B6,302D,33D6
31B7,302E,33D7
1B51,111B,166D
31B8,302F,33D8
19A3,0ED3,1430
15D3,0DBB,131D
19A4,0ED4,1431
1BB0,11A2,16D1
1B9D,118F,16BE
1B9C,118E,16BD
1D81,1358,1879
1B81,114B,16A2
1D82,1359,187A
1B85,114F,16A6
1B86,1150,16A7
1B87,1151,16A8
1B88,1152,16A9
1D83,135A,187B
1D84,135B,187C
0F71,135C,0C09
1D85,135D,187D
1D86,135E,187E
1D87,135F,187F
1D88,1360,1880
1D89,1361,1881
1B92,115D,16B3
1A20,0F54,14B1
1DB2,13B8,18AC
1DB3,13B9,18AD
1DB4,13BA,18AE
1DB5,13BB,18AF
1DB6,13BC,18B0
1DB7,13BD,18B1
106C,13BE,0D0B
1DB8,13BF,18B2
1DB9,13C0,18B3
1DBA,13C1,18B4
1DBB,13C2,18B5
1DBC,13C3,18B6
1DBD,13C4,18B7
1DBE,13C5,18B8
1DBF,13C6,18B9
1E41,148B,1937
1E42,0F5F,14BC
1E43,148C,1938
1E44,148D,1939
1E45,148E,193A
1109,148F,0DC6
1E46,1490,193B
1E47,1491,193C
1E48,1492,193D
1E49,1493,193E
1E4A,1494,193F
1E4B,1495,1940
1E4C,1496,1941
1EF5,14F8,1985
1EF6,14F9,1986
1EF7,14FA,1987
1EF8,14FB,1988
1EF9,14FC,1989
1EFA,14FD,198A
1EFB,14FE,198B
1EFC,14FF,198C
1EFD,1500,198D
1EFE,1501,198E
1EFF,1502,198F
1F00,1503,1990
1F01,1504,1991
1F02,1505,1992
1BD2,11C5,16F4
1F03,1506,1993
1F46,1548,19D3
1F47,1549,19D4
1F48,154A,19D5
1F49,154B,19D6
1F4A,154C,19D7
1F4B,154D,19D8
1F4C,154E,19D9
1F4D,154F,19DA
10C8,1550,0D73
1F4E,1551,19DB
1F4F,1552,19DC
1F50,1553,19DD
1F51,1554,19DE
1F52,1555,19DF
1F53,1556,19E0
22FD,17C3,1DA0
242F,17C4,1DA1
2430,17C5,1DA2
2431,17C6,1DA3
2432,17C7,1DA4
2433,17C8,1DA5
2434,17C9,1DA6
2435,17CA,1DA7
2436,17CB,1DA8
2437,17CC,1DA9
2438,17CD,1DAA
2300,17CE,1DAB
2301,17CF,1DAC
2302,17D0,1DAD
2439,17D1,1DAE
157F,0D72,1220
22FE,17D2,1DAF
20B8,166A,1B4D
2088,166B,1B1D
20B9,166C,1B4E
208B,166D,1B20
115F,166E,0E24
20BA,166F,1B4F
20BB,1670,1B50
20BC,1671,1B51
20BD,1672,1B52
20BE,1673,1B53
2091,1674,1B26
20BF,1675,1B54
20E6,16A7,1B7B
20E7,16A8,1B7C
20E8,16A9,1B7D
20E9,16AA,1B7E
20EA,16AB,1B7F
20EB,16AC,1B80
20EC,16AD,1B81
20ED,16AE,1B82
20EE,16AF,1B83
20EF,16B0,1B84
20F0,16B1,1B85
20F1,16B2,1B86
1D11,12E2,1807
1D12,12E3,1808
1D13,12E4,1809
1D14,12E5,180A
1D15,12E6,180B
1B89,1153,16AA
1B8A,1154,16AB
1D16,12E7,180C
1D17,12E8,180D
1D18,12E9,180E
1D19,12EA,180F
15CD,0DB3,1317
1D1A,12EB,1810
1D1B,12EC,1811
31F5,191F,1EBA
31F6,1920,1EBB
31F7,1921,1EBC
31F8,1922,1EBD
31F9,1923,1EBE
31FA,1924,1EBF
31FB,1925,1EC0
31FC,1926,1EC1
31FD,1927,1EC2
1B80,114A,16A1
1B82,114C,16A3
1B83,114D,16A4
1B84,114E,16A5
0EE1,1155,0B75
1B8B,1156,16AC
1B8C,1157,16AD
1B8D,1158,16AE
1B90,115B,16B1
1B91,115C,16B2
1F88,1599,1A16
1F89,159A,1A17
1F8A,159B,1A18
1F8B,159C,1A19
1F8C,159D,1A1A
1F8D,159E,1A1B
1F8E,159F,1A1C
1F8F,15A0,1A1D
1F90,15A1,1A1E
1F91,15A2,1A1F
1F92,15A3,1A20
1F93,15A4,1A21
1F94,15A5,1A22
1C96,125C,178B
1C97,125D,178C
1C98,125E,178D
1C99,125F,178E
1C9A,1260,178F
1C9B,1261,1790
1C9C,1262,1791
1C9D,1263,1792
1C9E,1264,1793
1C9F,1265,1794
1CA0,1266,1795
15C9,0DAF,1313
1CA1,1267,1796
1CA2,1268,1797
24A1,185C,1E34
24A2,185D,1E35
24A3,185E,1E36
24A4,185F,1E37
24A5,1860,1E38
24A6,1861,1E39
24A7,1862,1E3A
24A8,1863,1E3B
24A9,1864,1E3C
24AA,1865,1E3D
24AB,1866,1E3E
225B,1867,1CFD
24AC,1868,1E3F
24AD,1869,1E40
24AE,186A,1E41
24AF,186B,1E42
3219,3034,342A
321A,3035,4619
3222,303D,461B
33B2,31B0,39DF
15A2,0D99,126F
33BB,31B9,39E7
33C3,31C1,39EF
3006,2EB4,456C
3007,2EB5,456D
3008,2EB6,456E
3009,2EB7,456F
300A,2EB8,4570
300B,2EB9,4571
300C,2EBA,4572
300D,2EBB,4573
300E,2EBC,4574
33CE,31CF,4640
33CF,31D0,4641
33D0,31D1,4642
33DB,31DC,464A
33DC,31DD,464B
33DD,31DE,464C
33DE,31DF,39A9
33E6,31E7,4653
3351,3149,3C23
3352,314A,3C24
33EB,31EC,4657
33EC,31ED,4658
33ED,31EE,4659
33EE,31EF,465A
33FA,31FC,4666
33FB,31FD,4667
33FC,31FE,4668
3407,3209,4673
340C,320E,4678
3410,3212,467C
3413,3215,467F
3416,3218,4682
324D,303F,3830
324E,3040,3831
3267,3059,3D3D
3273,3065,3D46
3274,3066,37C5
3283,3075,37F5
3284,3076,37F6
3285,3077,37F7
3292,3084,3D3C
32A5,3097,37B2
32B4,30A6,37C4
327D,306F,37C6
32BF,30B2,37D9
32C0,30B3,37DA
32C1,30B4,37DB
32C8,30BB,3847
32C9,30BC,3848
32CA,30BD,3849
32FA,30F0,387C
30A3,30F1,378B
32FB,30F2,387D
32FC,30F3,387E
3314,310B,3896
3315,310C,3897
3316,310D,3898
3419,321B,4685
3323,311A,461D
3324,311B,461E
341D,321F,4689
3423,3225,468F
342D,322F,4699
3430,3232,469C
3399,3197,39C3
339A,3198,39C4
339B,3199,39C5
3386,3181,3977
3387,3182,3978
3433,3235,3A7D
3437,3239,3A81
343A,323C,3A84
343D,323F,3A87
3440,3242,3A8A
3443,3245,3A8D
3446,3248,3A90
3449,324B,3A93
344C,324E,3A96
344F,3251,3A99
3452,3254,469F
2E57,2CF6,3A9D
3453,3255,46A0
3472,3274,46BE
347B,327D,46C7
347C,327E,46C8
3485,3287,46D1
34FB,4B96,4734
34FC,4B97,4735
34FD,4B98,4736
34FE,4B99,4737
34FF,4B9A,4738
3500,4B9B,4739
3501,4B9C,473A
3502,4B9D,473B
3503,4B9E,473C
3504,4B9F,473D
3505,4BA0,473E
35B9,4C11,47B8
35F9,3AA1,4212
360C,4C48,47EF
3619,4C55,47FC
361A,4C56,47FD
3625,3A91,4202
3631,3A9D,420E
3635,4C61,4808
3636,42E1,3C72
3640,4C62,4809
3641,4C63,480A
0C0C,070F,07DE
0E5C,0982,0A6B
01F9,010C,012A
0E5D,0983,0A6C
0C14,0717,07E6
0C15,0718,07E7
0C16,0719,07E8
0E5E,0984,0A6D
0C18,071B,07EA
0C19,071C,07EB
0C1A,071D,07EC
0C1B,071E,07ED
0C1C,071F,07EE
0C1D,0720,07EF
0E5F,0985,0A6E
0E60,0986,0A6F
0C0B,070E,07DD
0C0D,0710,07DF
0C0E,0711,07E0
0C0F,0712,07E1
0C10,0713,07E2
0C11,0714,07E3
0C12,0715,07E4
0C13,0716,07E5
0C17,071A,07E9
0C1E,0721,07F0
0C1F,0722,07F1
29DD,290B,326A
2C9E,2BBA,326B
3642,3592,326C
29DE,290C,326D
29DF,290D,326E
29E0,290E,326F
3643,3593,3270
3644,3594,3271
3645,3595,3272
3646,3596,3273
3647,3597,3275
3648,3598,3276
3649,3599,3277
2A03,2935,3278
2850,289D,3192
2CA2,2BBE,3279
364A,359A,327A
364B,359B,327B
3656,42EB,3599
3657,42EC,359A
2C9F,2BBB,359B
3658,42ED,359C
3659,42EE,359D
365A,42EF,359E
365B,42F0,359F
2B82,2AC3,35A0
2B7F,2AC0,35A1
2B80,2AC1,35A2
2B81,2AC2,35A3
365C,42F1,35A4
365D,42F2,35A5
365E,42F3,35A6
365F,42F4,35A7
3660,42F5,35A8
3661,42F6,35A9
2E72,2D11,35AA
3662,42F7,35AB
1A4C,1025,1582
3663,42F8,35AC
3664,3AEC,344A
371F,3C4F,3651
3720,3C50,3652
3721,3C51,3653
3722,3C52,3654
3723,3C53,3655
3724,3C54,3656
3725,3C55,3657
3726,3C56,3658
3727,3C57,3659
3728,3C58,365A
3729,3C59,365B
372A,3C5A,365C
372B,3C5B,365D
28DB,3C5C,365E
372C,3C5D,365F
2C9D,2BB9,3C7C
2B03,2A41,3C7D
2B04,2A42,3C7E
2B05,2A43,3C7F
2B06,2A44,3C80
2B07,2A45,3C81
2B08,2A46,3C82
2B09,2A47,3C83
2B0A,2A48,3C84
1A58,1030,158C
2CA0,2BBC,3C85
2CA1,2BBD,3C86
382F,3ADD,343B
3830,3ADE,343C
3831,3ADF,343D
3832,3AE0,343E
3833,3AE1,343F
3834,3AE2,3440
3835,3AE3,3441
3836,3AE4,3442
3837,3AE5,3443
36A9,3AE6,3444
3838,3AE7,3445
3839,3AE8,3446
383A,3AE9,3447
1A4B,1024,1581
383B,3AEA,3448
383C,3AEB,3449
38A2,3BB6,34FB
2CF0,2C16,34FC
38A3,3BB7,34FD
38A4,3BB8,34FE
38A5,3BB9,34FF
38A6,3BBA,3500
38A7,3BBB,3501
38A8,3BBC,3502
38A9,3BBD,3503
38AA,3BBE,3504
38AB,3BBF,3505
1A53,102C,1589
38AC,3BC0,3506
38AD,3BC1,3507
19C3,0EF3,1450
19C4,0EF4,1451
19C5,0EF5,1452
19C6,0EF6,1453
2157,1720,1BF3
2158,1721,1BF4
2159,1722,1BF5
12A3,0ADE,0F89
12A4,0ADF,0F8A
215A,1723,1BF6
15CA,0DB0,1314
215B,1724,1BF7
215C,1725,1BF8
393B,4C64,480B
393D,4C66,480D
393F,4C68,480F
3941,4C6A,4811
3943,4C6C,4813
3945,4C6E,4815
3948,4C71,4818
394A,4C73,481A
394C,4C75,481C
394E,4C77,481E
3950,4C79,4820
3952,4C7B,4822
359C,4BFA,479D
359D,4BFB,479E
359E,4BFC,479F
359F,4BFD,47A0
35A0,4BFE,47A1
35A1,4BFF,47A2
35A2,4C00,47A3
35A3,4C01,47A4
39C1,4AF1,484A
39C2,43B1,39A8
39C9,4C90,4850
39CA,4C91,4851
2BAA,2AEB,4854
3374,316C,3D47
3973,4117,3803
3974,4118,3804
3378,3173,3822
0266,0179,0197
3379,3174,3823
3954,3D67,378A
3955,3D68,378C
39CD,3AB9,3819
0226,0139,0157
329A,308C,37EA
398C,4C7D,4833
3991,3E9E,3A48
39D1,3AC1,3D54
39D5,4C94,4862
3988,412C,3D4B
39E1,4CA0,486E
39E5,3EC7,4453
33AC,31AA,39D9
39EC,4CA4,4872
39F4,4CAC,487A
39F9,4CB1,487F
39FC,3ED5,445E
3A0B,4CB4,4882
300F,2EBD,4575
3011,2EBF,4577
3013,2EC1,4579
3015,2EC3,457B
3017,2EC5,457D
302F,2EDD,3107
3030,2EDE,3108
3031,2EDF,3109
26AB,1CA6,235C
26AC,1CA7,235D
26AD,1CA8,235E
3040,2EEE,458F
3041,2EEF,4590
3052,2F00,45A4
305A,2F08,45AC
305B,2F09,45AD
306A,2F18,45BC
306B,2F19,45BD
307D,2F2B,45CF
1D34,0FCA,1528
029F,01B3,01D1
307C,2F2A,45CE
3087,2F35,45D9
3090,2F3E,374C
3091,2F3F,374D
3092,2F40,374E
3093,2F41,374F
1A7F,1055,15D4
3094,2F42,3750
3095,2F43,3751
2885,28D2,338F
1E75,0F64,14C1
1E76,0F65,14C2
1474,0C94,1142
1DE7,1407,18E0
1BE2,0F67,14C4
2222,18B3,1CBB
2539,1BD1,2240
22AE,18B4,1D50
22AF,18B5,1D51
22B0,18B6,1D52
22B1,18B7,1D53
22B2,18B8,1D54
22B3,18B9,1D55
22B4,18BA,1D56
22B5,18BB,1D57
22B6,18BC,1D58
22B7,18BD,1D59
22B9,18BE,1D5B
22BA,18BF,1D5C
22BB,18C0,1D5D
22BC,18C1,1D5E
22BD,18C2,1D5F
22BE,18C3,1D60
22BF,18C4,1D61
22C0,18C5,1D62
22C1,18C6,1D63
22C2,18C7,1D64
22C3,18C8,1D65
22C4,18C9,1D66
1E92,0F82,14DF
1E93,0F83,14E0
1E94,0F84,14E1
24EE,18CA,1E8E
22C5,18CB,1D67
22C6,18CC,1D68
22C7,18CD,1D69
22C8,18CE,1D6A
22C9,18CF,1D6C
253A,1BD2,2241
22CA,18D0,1D6D
22CB,18D1,1D6E
24EF,18D2,1E8F
24F0,18D3,1E90
24F1,18D4,1E91
24F2,18D5,1E92
24F3,18D6,1E93
22CC,18D7,1D6F
22CD,18D8,1D70
22CE,18D9,1D71
22CF,18DA,1D72
22D0,18DB,1D73
22D1,18DC,1D74
24F4,18DD,1E94
22D2,18DE,1D75
22D3,18DF,1D76
22D4,18E0,1D77
22D5,18E1,1D78
24F5,18E2,1E95
24F6,18E3,1E96
24F7,18E4,1E97
22D6,18E5,1D79
22D7,18E6,1D7A
1EB0,0FA0,14FE
1EB1,0FA1,14FF
1EB2,0FA2,1500
22D8,18E7,1D7B
22D9,18E8,1D7C
22DA,18E9,1D7D
1A3A,1013,1571
308F,2F3D,374B
2526,1BBB,222D
2556,1BF1,2260
2528,1BBD,222F
2529,1BBE,2230
2523,1BB8,222A
2524,1BB9,222B
2527,1BBC,222E
21A0,1769,1C3C
3110,2F6B,31A1
3111,2F6C,31A2
3112,2F6D,31A3
3113,2F6E,31A4
3114,2F6F,31A5
3115,2F70,31A6
3116,2F71,31A7
28C8,2BD2,31A8
3117,2F72,31A9
2883,28D0,31AA
3118,2F73,31AB
3119,2F74,31AC
28CF,2927,31AD
311A,2F75,31AE
29FA,292A,31AF
2881,28CE,31B0
311B,2F76,31B1
311C,2F77,31B2
2CF5,2C1B,3252
2869,28B6,3253
286B,28B8,3254
286A,28B7,3255
286C,28B9,3256
286D,28BA,3257
317A,2FED,3258
286E,28BB,3259
286F,28BC,325A
2870,28BD,325B
317B,2FEE,325C
317C,2FEF,325D
317D,2FF0,325E
143C,0C5C,110A
143D,0C5D,110B
143B,0C5B,1109
2CDA,2BF7,325F
3104,2F5F,3195
3105,2F60,3196
3106,2F61,3197
3107,2F62,3198
3108,2F63,3199
3109,2F64,319A
310A,2F65,319B
310B,2F66,319C
310C,2F67,319D
310D,2F68,319E
30F4,2FF1,3264
30F5,2FF2,3265
0E0D,0931,0A00
03DC,02F5,031A
0600,0517,0545
0529,0442,0467
2D35,2C5B,3266
287D,28CA,3389
287E,28CB,338A
287F,28CC,338B
2880,28CD,338C
2882,28CF,338D
2884,28D1,338E
21B7,1780,1C53
21B8,1781,1C54
21B9,1782,1C55
1908,0E32,1395
1909,0E33,1396
190A,0E34,1397
190B,0E35,1398
190C,0E36,1399
190D,0E37,139A
1BD9,0FA7,1505
1BDA,0FA9,1507
1BDB,0FAA,1508
1BDC,11CC,16FB
05A1,04B8,04E0
1BDD,11CD,16FC
1BDE,0FAB,1509
1BDF,11CE,16FD
1BE0,11CF,16FE
1BE1,11D0,16FF
1BE3,0FAD,150B
1BE4,0FAE,150C
147E,0C9E,114C
1BE5,11D1,1700
1BE6,0FAF,150D
1BE7,11D2,1701
1FE0,15FA,1A71
21BA,1783,1C56
1FE2,15FC,1A73
1FE3,15FD,1A74
1FE4,15FE,1A75
1FE5,15FF,1A76
1FE6,1600,1A77
1FE7,1601,1A78
1FE8,1602,1A79
1FE9,1603,1A7A
1FEA,1604,1A7B
1FEB,1605,1A7C
1FED,1607,1A7E
1FEE,1608,1A7F
1FEF,1609,1A80
1FF0,160A,1A81
1FF1,160B,1A82
1FF3,160D,1A84
1FF4,160E,1A85
1FF6,1610,1A87
1FF7,1611,1A88
1FF8,1612,1A89
1FF9,1613,1A8A
1FFA,1614,1A8B
1FFB,1615,1A8C
1FFC,1616,1A8D
1FFD,1617,1A8E
1FFE,1618,1A8F
1FFF,1619,1A90
2000,161A,1A91
2001,161B,1A92
2002,161C,1A93
2003,161D,1A94
21BB,1784,1C57
2004,161E,1A95
2005,161F,1A96
2006,1620,1A97
2007,1621,1A98
21BC,1785,1C58
2008,1622,1A99
2009,1623,1A9A
200A,1624,1A9B
200B,1625,1A9C
200C,1626,1A9D
200D,1627,1A9E
200E,1628,1A9F
200F,1629,1AA0
2010,162A,1AA1
2011,162B,1AA2
2012,162C,1AA3
2013,162D,1AA4
2014,162E,1AA5
2015,162F,1AA6
2016,1630,1AA7
2017,1631,1AA8
2018,1632,1AA9
2019,1633,1AAA
201A,1634,1AAB
201B,1635,1AAC
201C,1636,1AAD
21BD,1786,1C59
21BE,1787,1C5A
201D,1637,1AAF
1C29,0FA8,1506
1C2A,0FAC,150A
219A,1763,1C36
219B,1764,1C37
219C,1765,1C38
2522,1BB7,2229
219E,1767,1C3A
219F,1768,1C3B
2198,1761,1C34
219D,1766,1C39
04F3,040C,0431
04F4,040D,0432
04F5,040E,0433
04F6,040F,0434
0505,041E,0443
0506,041F,0444
0507,0420,0445
0508,0421,0446
0509,0422,0447
0387,02A0,02C4
0388,02A1,02C5
0389,02A2,02C6
038A,02A3,02C7
038B,02A4,02C8
038C,02A5,02C9
038D,02A6,02CA
038E,02A7,02CB
038F,02A8,02CC
0396,02AF,02D4
0391,02AA,02CF
0392,02AB,02D0
0393,02AC,02D1
0394,02AD,02D2
0395,02AE,02D3
0397,02B0,02D5
0390,02A9,02CE
050A,0423,0448
0398,02B1,02D6
050B,0424,0449
050C,0425,044A
039D,02B6,02DB
039E,02B7,02DC
039F,02B8,02DD
03A0,02B9,02DE
03A1,02BA,02DF
03A2,02BB,02E0
03A3,02BC,02E1
04BB,03D4,03F9
050D,0426,044B
050E,0427,044C
04BC,03D5,03FA
050F,0428,044D
0510,0429,044E
029D,01B1,01CF
03DD,02F6,031B
02A0,01B4,01D2
0511,042A,044F
04BE,03D9,03FE
02A1,01B5,01D3
0512,042B,0450
0513,042C,0451
0514,042D,0452
033A,024E,026D
033B,024F,026E
033C,0250,026F
033D,0251,0270
0383,029C,02C0
0384,029D,02C1
0385,029E,02C2
0386,029F,02C3
01EE,0101,011F
0399,02B2,02D7
039A,02B3,02D8
039B,02B4,02D9
039C,02B5,02DA
0218,012B,0149
029E,01B2,01D0
04BF,03DA,03FF
04C0,03DB,0400
04C1,03DC,0401
02A3,01B7,01D5
04C2,03DD,0402
04C3,03DE,0403
04C4,03DF,0404
0554,046D,0492
0555,046E,0493
0556,046F,0494
0557,0470,0495
0562,047B,04A0
0563,047C,04A1
0564,047D,04A2
0565,047E,04A3
0566,047F,04A4
0567,0480,04A5
0568,0481,04A6
0569,0482,04A7
056A,0483,04A8
056B,0484,04A9
056C,0485,04AA
056D,0486,04AB
056E,0487,04AC
056F,0488,04AE
0570,0489,04AF
0571,048A,04B0
0572,048B,04B1
0573,048C,04B2
0574,048D,04B3
0575,048E,04B4
0576,048F,04B5
0577,0490,04B6
0578,0491,04B7
0579,0492,04B8
024A,015D,017B
0581,049A,04C0
0582,049B,04C1
0583,049C,04C2
0584,049D,04C3
0585,049E,04C4
0586,049F,04C5
0587,04A0,04C6
199C,0ECC,1429
199D,0ECD,142A
199E,0ECE,142B
1907,0E31,1394
190E,0E38,139B
190F,0E39,139C
1910,0E3A,139D
1911,0E3B,139E
1912,0E3C,139F
1913,0E3D,13A0
1914,0E3E,13A1
1915,0E3F,13A2
1916,0E40,13A3
1917,0E41,13A4
1918,0E42,13A5
1919,0E43,13A6
191A,0E44,13A7
191B,0E45,13A8
191C,0E46,13A9
191D,0E47,13AA
1971,0E9B,13FE
1972,0E9C,13FF
1973,0E9D,1400
1933,0E5D,13C0
1A14,0F44,14A1
1A15,0F45,14A2
1A16,0F46,14A3
19EE,0F1E,147B
19EF,0F1F,147C
19F0,0F20,147D
19F1,0F21,147E
19F2,0F22,147F
19F3,0F23,1480
19F4,0F24,1481
19F5,0F25,1482
19F6,0F26,1483
1958,0E82,13E5
1959,0E83,13E6
195A,0E84,13E7
1936,0E60,13C3
1937,0E61,13C4
18F6,0E20,1383
1938,0E62,13C5
1939,0E63,13C6
193A,0E64,13C7
193B,0E65,13C8
1AC0,1096,1615
1AC1,1097,1616
1AC2,1098,1617
1A70,1046,15C8
1A71,1047,15CA
1A72,1048,4221
1A73,1049,15C9
319C,3013,33BC
319D,3014,33BD
319E,3015,33BE
3181,2FF6,339D
3182,2FF7,339E
3183,2FF8,339F
3184,2FF9,33A0
3185,2FFA,33A1
31A3,301A,33C3
31A4,301B,33C4
31A5,301C,33C5
31A1,3018,33C1
1965,0E8F,13F2
31B2,3029,33D2
31B3,302A,33D3
31B4,302B,33D4
31B0,3027,33D0
31B1,3028,33D1
31B9,3030,33D9
31BA,3031,33DA
31BB,3032,33DB
05F2,0509,0537
1B52,111C,166E
1B53,111D,166F
1B54,111E,1670
19BF,0EEF,144C
19C0,0EF0,144D
19C1,0EF1,144E
19A5,0ED5,1432
19A6,0ED6,1433
19A7,0ED7,1434
19A8,0ED8,1435
19A9,0ED9,1436
1BB1,11A3,16D2
1BB2,11A4,16D3
1BB3,11A5,16D4
1BAE,11A0,16CF
1BAF,11A1,16D0
0229,013C,015A
1B9E,1190,16BF
1B9F,1191,16C0
1BA0,1192,16C1
1DA0,1398,1899
1DA1,1399,189A
1DA2,139A,189B
1DA3,139B,189C
1DA4,139C,189D
1BD7,11CA,16F9
1BD8,11CB,16FA
1BE8,11D3,1702
1BE9,11D4,1703
1BEA,11D5,1704
1BEB,11D6,1705
1BEC,11D7,1706
1BED,11D8,1707
1BEE,11D9,1708
1BEF,11DA,1709
1BF0,11DB,170A
1BF1,11DC,170B
1BF2,11DD,170C
1BF3,11DE,170D
1BF4,11DF,170E
1BF5,11E0,170F
1BF6,11E1,1710
1BF7,11E2,1711
1BF8,11E3,1712
1BF9,11E4,1713
1BFA,11E5,1714
1BFB,11E6,1715
1BFC,11E7,1716
1BFD,11E8,1717
1BFE,11E9,1718
1BFF,11EA,1719
1C00,11EB,171A
1C01,11EC,171B
1C02,11ED,171C
1C03,11EE,171D
1C04,11EF,171E
1C05,11F0,171F
1C06,11F1,1720
1C07,11F2,1721
1C08,11F3,1722
1C09,11F4,1723
1C0A,11F5,1724
1C0B,11F6,1725
1C0C,11F7,1726
1C0D,11F8,1727
1C0E,11F9,1728
1C0F,11FA,1729
1C10,11FB,172A
1C11,11FC,172B
1C12,11FD,172C
1C13,11FE,172D
1C14,11FF,172E
1C15,1200,172F
1C16,1201,1730
1C17,1202,1731
1C18,1203,1732
1C19,1204,1733
1C1A,1205,1734
1C1B,1206,1735
1C1C,1207,1736
1C1D,1208,1737
1C1E,1209,1738
1C1F,120A,1739
1C20,120B,173A
1C21,120C,173B
1C22,120D,173C
1C23,120E,173D
1C24,120F,173E
1C25,1210,173F
1C26,1211,1740
1C27,1212,1741
1C28,1213,1743
1475,0C95,1143
1476,0C96,1144
1477,0C97,1145
0E20,0944,0A13
0E4C,0973,0A3F
1D8A,1381,1882
1D8B,1382,1883
1D8C,1383,1884
1D8D,1384,1885
1D8E,1385,1886
1D8F,1386,1887
1D90,1387,1888
0C51,0757,0824
0C32,0738,0804
1322,0777,0845
0C48,074E,081B
1DA9,13AF,18A3
1DAA,13B0,18A4
1DAB,13B1,18A5
1DAC,13B2,18A6
1DAD,13B3,18A7
1DAE,13B4,18A8
1313,0B4E,0FF9
0C43,0749,0816
1C88,124E,177D
1C89,124F,177E
1C8A,1250,177F
1C8C,1252,1781
1C8D,1253,1782
0C47,074C,0819
1C8F,1255,1784
1D9C,1394,1895
1D9D,1395,1896
1D96,138E,188F
1D97,138F,1890
1D98,1390,1891
1BBA,11AF,16DE
1D99,1391,1892
1D9A,1392,1893
1977,0EA1,1404
1DF6,1410,18E9
1DF7,1411,18EA
1DF8,1412,18EB
1DF9,1413,18EC
059E,04B5,04DD
059F,04B6,04DE
026F,0182,01A0
1DE8,1408,18E1
1DE9,1409,18E2
1DC0,0A1B,0AEA
1DC1,13E1,18BA
1DC2,13E2,18BB
1DC3,13E3,18BC
1DC4,13E4,18BD
1DC5,13E5,18BE
1DC6,13E6,18BF
1DFF,1422,18F6
1E00,1423,18F7
1E01,1424,18F8
1E02,1425,18F9
1E03,1426,18FA
1E04,1427,18FB
1E06,1429,18FD
1E08,142B,18FF
1DC7,13E7,18C0
1CCF,129F,17C4
1DC8,13E8,18C1
1DDF,13FF,18D8
1DE0,1400,18D9
1DE1,1401,18DA
1DCF,13EF,18C8
1DD0,13F0,18C9
1DD1,13F1,18CA
1DD2,13F2,18CB
1DD3,13F3,18CC
1DD4,13F4,18CD
1DD5,13F5,18CE
1DD6,13F6,18CF
1DD7,13F7,18D0
1DD8,13F8,18D1
1DD9,13F9,18D2
1DDA,13FA,18D3
1DDE,13FE,18D7
1EE2,14DD,196A
1EE3,14DE,196B
1EE4,14DF,196C
1EE5,14E0,196D
1EE6,14E1,196E
1E77,0F66,14C3
1E78,0F68,FFFFFFFF
1E79,0F69,FFFFFFFF
1E7A,0F6A,FFFFFFFF
1E7B,0F6B,FFFFFFFF
1E7C,0F6C,FFFFFFFF
1E7D,0F6D,FFFFFFFF
1E7E,0F6E,FFFFFFFF
1E7F,0F6F,FFFFFFFF
1E80,0F70,14CD
1E81,0F71,FFFFFFFF
1E82,0F72,FFFFFFFF
1E83,0F73,FFFFFFFF
1E84,0F74,FFFFFFFF
1E85,0F75,FFFFFFFF
1E86,0F76,FFFFFFFF
1E87,0F77,FFFFFFFF
1E88,0F78,FFFFFFFF
1E89,0F79,FFFFFFFF
1E8A,0F7A,FFFFFFFF
1E8B,0F7B,FFFFFFFF
1E8C,0F7C,FFFFFFFF
1E8D,0F7D,FFFFFFFF
1E8E,0F7E,FFFFFFFF
1E8F,0F7F,FFFFFFFF
1E90,0F80,FFFFFFFF
1E91,0F81,FFFFFFFF
1E95,0F85,FFFFFFFF
1E96,0F86,FFFFFFFF
1E97,0F87,FFFFFFFF
1E98,0F88,FFFFFFFF
1E99,0F89,FFFFFFFF
1E9A,0F8A,FFFFFFFF
1E9B,0F8B,FFFFFFFF
1E9C,0F8C,FFFFFFFF
1E9D,0F8D,FFFFFFFF
1E9E,0F8E,FFFFFFFF
1E9F,0F8F,FFFFFFFF
1EA0,0F90,14EE
1EA1,0F91,FFFFFFFF
1EA2,0F92,FFFFFFFF
1EA3,0F93,FFFFFFFF
1EA4,0F94,FFFFFFFF
1EA5,0F95,FFFFFFFF
1EA6,0F96,FFFFFFFF
1EA7,0F97,FFFFFFFF
1EA8,0F98,FFFFFFFF
1EA9,0F99,FFFFFFFF
1EAA,0F9A,FFFFFFFF
1EAB,0F9B,FFFFFFFF
1EAC,0F9C,FFFFFFFF
1EAD,0F9D,FFFFFFFF
1EAE,0F9E,FFFFFFFF
1EAF,0F9F,FFFFFFFF
1EB3,0FA3,FFFFFFFF
1EB4,0FA4,FFFFFFFF
1EB5,0FA5,FFFFFFFF
1EB6,0FA6,1504
1EE9,14EC,1979
1E4D,14B5,1942
1E4E,14B6,1943
1E4F,14B7,1944
1E50,14B8,1945
1E51,14B9,1946
1E52,14BA,1947
1E53,14BB,1948
1E54,14BC,1949
1E55,14BD,194A
1E56,14BE,194B
1E57,14BF,194C
1E58,14C0,194D
1E59,14C1,194E
1E5A,14C2,194F
1E5B,14C3,1950
1E5C,14C4,1951
1E5D,14C5,1952
1E5E,14C6,1953
1E5F,14C7,1954
1E60,14C8,1955
0C33,0739,0805
1EEA,14ED,197A
1EEB,14EE,197B
1EEC,14EF,197C
1EEE,14F1,197E
1E72,14DA,1967
1A32,0F61,14BE
1E73,14DB,1968
1E61,14C9,1956
1E62,14CA,1957
1E63,14CB,1958
1E64,14CC,1959
1E65,14CD,195A
1E66,14CE,195B
1E67,14CF,195C
1E68,14D0,195D
1E69,14D1,195E
1E6A,14D2,195F
1E6B,14D3,1960
1E71,14D9,1966
1F3F,1541,19CC
1F40,1542,19CD
1F41,1543,19CE
1F42,1544,19CF
1F43,1545,19D0
1F35,1537,19C1
1F36,1538,19C2
05A4,04BB,04E3
1F37,1539,FFFFFFFF
05A5,04BC,04E4
05A6,04BD,04E5
05A7,04BE,04E6
05A8,04BF,04E7
05A9,04C0,04E8
05AA,04C1,04E9
05AB,04C2,04EA
05AC,04C3,04EB
05AD,04C4,04EC
05AE,04C5,04ED
1F38,153A,FFFFFFFF
05AF,04C6,04EE
05B0,04C7,04EF
05B1,04C8,04F0
05B2,04C9,04F1
05B4,04CB,04F3
05B5,04CC,04F4
05B6,04CD,04F5
05B7,04CE,04F6
05B8,04CF,04F7
05B9,04D0,04F8
05BA,04D1,04F9
05D3,04EA,0512
05BB,04D2,04FA
05BC,04D3,04FB
05BD,04D4,04FC
05BE,04D5,04FD
05BF,04D6,04FE
05C0,04D7,04FF
05C1,04D8,0500
05C2,04D9,0501
05C3,04DA,0502
05C4,04DB,0503
05C5,04DC,0504
05C6,04DD,0505
05C7,04DE,0506
05C8,04DF,0507
05C9,04E0,0508
05CA,04E1,0509
1F39,153B,19C6
05CB,04E2,050A
1F3A,153C,19C7
05CC,04E3,050B
05CD,04E4,050C
05CE,04E5,050D
05CF,04E6,050E
05D0,04E7,050F
05D1,04E8,0510
05D2,04E9,0511
05D4,04EB,0513
05D5,04EC,0514
05D6,04ED,0515
05D7,04EE,0516
05D8,04EF,0517
05D9,04F0,0518
05DA,04F1,0519
05B3,04CA,04F2
05DE,04F5,051D
1F3B,153D,FFFFFFFF
1F3C,153E,19C9
1F3D,153F,19CA
05DB,04F2,051A
05DC,04F3,051B
05DD,04F4,051C
1B93,115E,16B4
1B94,115F,16B5
1F10,1512,199C
1F11,1513,199D
1F12,1514,199E
1F13,1515,199F
1F14,1516,19A0
1F15,1517,19A1
1F16,1518,19A2
1F17,1519,19A3
1F18,151A,19A4
1F33,1535,19BF
1F34,1536,19C0
1F24,1526,19B0
1F25,1527,19B1
1F26,1528,19B2
1F27,1529,19B3
1F28,152A,19B4
1F29,152B,19B5
1F2A,152C,19B6
1F2B,152D,19B7
1F79,158A,1A07
1F7A,158B,1A08
1F7B,158C,1A09
1F7C,158D,1A0A
1F7D,158E,1A0B
1F76,1587,1A04
1F77,1588,1A05
1F54,1557,19E1
1F55,1558,19E2
1F56,1559,19E3
1F57,155A,19E4
1F58,155B,19E5
1F59,155C,19E6
1F5A,155D,19E7
1F5B,155E,19E8
1F5C,155F,19E9
1F5D,1560,19EA
1F5E,156E,19EB
1F5F,156F,19EC
1F60,1570,19ED
1F61,1571,19EE
1F62,1572,19EF
1F63,1573,19F0
1F64,1574,19F1
1F65,1575,19F2
1F66,1576,19F3
1F67,1577,19F4
1F68,1578,19F5
1F69,1579,19F6
1F6A,157A,19F7
1F6B,157B,19F8
1F6C,157C,19F9
1F7F,1590,1A0D
1F80,1591,1A0E
1F81,1592,1A0F
1F82,1593,1A10
1F83,1594,1A11
1F84,1595,1A12
1F85,1596,1A13
1F86,1597,1A14
1BD4,11C7,16F6
1F75,1586,1A03
1F6D,157D,19FA
1F6E,157E,19FB
1F6F,157F,19FC
1F70,1580,19FD
1F71,1581,19FE
1F72,11AC,16DB
1F73,1583,1A00
231A,17F7,1DD2
231B,17F8,1DD3
231C,17F9,1DD4
231D,17FA,1DD5
2441,17FB,1DD6
2442,17FC,1DD7
2443,17FD,FFFFFFFF
2444,17FE,FFFFFFFF
243A,17D3,1DB0
243B,17D4,1DB1
2310,17D5,1DB2
243C,17D6,1DB3
0E62,0988,0A71
243D,17D7,1DB4
243E,17D8,1DB5
243F,17D9,1DB6
244A,1804,1DE0
244B,1805,1DE1
244C,1806,1DE2
244D,1807,1DE3
244E,1808,1DE4
0E0F,0933,0A02
2311,0A16,0AE5
2312,0A17,0AE6
2313,17EF,1DCA
2314,17F0,1DCB
2315,17F1,1DCC
2316,17F2,1DCD
2317,17F3,1DCE
2318,17F4,1DCF
2319,17F5,1DD0
22FF,1809,1DE5
20D9,169A,1B6E
20DA,169B,1B6F
20DB,169C,1B70
20DC,169D,1B71
20B2,1695,1B47
20B3,1696,1B48
20B4,1697,1B49
20B5,1698,1B4A
20B6,1699,1B4B
20C0,167C,1B55
20C1,167D,1B56
20C2,167E,1B57
20C3,167F,1B58
20C4,1680,1B59
20C5,1681,1B5A
20C6,1682,1B5B
20C7,1683,1B5C
20C8,1684,1B5D
20C9,1685,1B5E
20CA,1686,1B5F
20CB,1687,1B60
20CC,1688,1B61
20DF,16A0,1B74
20E0,16A1,1B75
20E1,16A2,1B76
20E2,16A3,1B77
20E3,16A4,1B78
20E4,16A5,1B79
20D8,1694,1B6D
20CD,1689,1B62
20CE,168A,1B63
20CF,168B,1B64
20D0,168C,1B65
20D1,168D,1B66
20D2,168E,1B67
20D5,1691,1B6A
214E,1717,1BEA
214F,1718,1BEB
2150,1719,1BEC
2151,171A,1BED
2152,171B,1BEE
2131,16F6,1BCA
2132,16F7,1BCB
2133,16F8,1BCC
2134,16F9,FFFFFFFF
2135,16FA,FFFFFFFF
2136,16FB,1BD1
2137,16FC,FFFFFFFF
2101,16C6,1B9A
2102,16C7,1B9B
2103,16C8,1B9C
2104,16C9,1B9D
2105,16CA,1B9E
2155,171E,1BF1
2156,171F,1BF2
2106,16CB,1B9F
211E,16E3,1BB7
211F,16E4,1BB8
2120,16E5,1BB9
2121,16E6,1BBA
2122,16E7,1BBB
2123,16E8,1BBC
2124,16E9,1BBD
2125,16EA,1BBE
2126,16EB,1BBF
2127,16EC,1BC0
2112,16D7,1BAB
0491,03AA,03CF
2113,16D8,1BAC
2114,16D9,1BAD
2115,16DA,1BAE
2116,16DB,1BAF
2117,16DC,1BB0
2118,16DD,1BB1
2119,16DE,1BB2
211A,16DF,1BB3
211D,16E2,1BB6
1D79,1350,1871
1D7A,1351,1872
1D7B,1352,1873
1D7C,1353,1874
1D4B,1322,1842
1D4C,1323,1843
1D01,12D2,17F6
1D4D,1324,1844
1D4E,1325,1845
1D4F,1326,1846
1D50,1327,1847
1D51,1328,1848
1D52,1329,1849
1D53,132A,184A
1D54,132B,184C
1D55,132C,184D
1D56,132D,184E
1D57,132E,184F
1D58,132F,1850
1D59,1330,1851
1D5A,1331,FFFFFFFF
1D5B,1332,1853
1D5C,1333,1854
1D5D,1334,1855
1D5E,1335,1856
1D5F,1336,1857
1D60,1337,1858
1D29,1302,1822
1D2A,1303,1823
1D2B,1304,1824
1D2C,1305,1825
1D2D,1306,1826
1D40,1317,1837
1D41,1318,1838
1D42,1319,1839
1D43,131A,183A
1D44,131B,183B
1D45,131C,183C
1D2E,1307,1827
1D2F,1308,1828
1D30,1309,1829
1D31,130A,182A
1D32,130B,182B
1D33,130C,182C
1D35,130D,182D
1D36,130E,182E
1D37,130F,182F
1D38,1310,1830
3212,193D,1ED8
3213,193E,1ED9
3214,193F,1EDA
3215,1940,1EDB
3218,1943,1EDE
31FE,1928,1EC3
31FF,1929,1EC4
320D,1938,1ED3
320E,1939,1ED4
320F,193A,1ED5
3210,193B,1ED6
1C7B,123F,176F
1C7C,1240,1770
1C7D,1241,1771
1C7E,1242,1772
1C7F,1243,1773
1B95,1187,16B6
1B96,1188,16B7
1B97,1189,16B8
1B98,118A,16B9
1B99,118B,16BA
1B9A,118C,16BB
1B9B,118D,16BC
1C90,1256,1785
1C92,1258,1787
1C93,1259,1788
1C94,125A,1789
1C95,125B,178A
1BD3,11C6,16F5
1BD5,11C8,16F7
1BB4,11A6,16D5
1BB5,11A7,16D6
1BB6,11A8,16D7
1BB7,11A9,16D8
1BB8,11AA,16D9
1BB9,11AB,16DA
1BBB,11AD,16DC
1BBC,11AE,16DD
1BBD,11B0,16DF
203C,1656,1ACE
203D,1657,1ACF
203E,1658,1AD0
203F,1659,1AD1
2040,165A,1AD2
1FDD,15F7,1A6E
1FDE,15F8,1A6F
1FDF,15F9,1A70
1FE1,15FB,1A72
1FEC,1606,1A7D
1FF2,160C,1A83
1FF5,160F,1A86
1FB9,15D3,1A4A
1FBA,15D4,1A4B
1FBB,15D5,1A4C
1FBC,15D6,1A4D
1FBD,15D7,1A4E
204A,1665,1ADD
204B,1666,1ADE
204E,1669,1AE1
1FBE,15D8,1A4F
1FD7,15F1,1A68
1FD8,15F2,1A69
1FC9,15E3,1A5A
1FCA,15E4,1A5B
1FCB,15E5,1A5C
1FCC,15E6,1A5D
1FCD,15E7,1A5E
1FCE,15E8,1A5F
1FCF,15E9,1A60
1FD0,15EA,1A61
1D06,12D7,17FC
1D07,12D8,17FD
1D08,12D9,17FE
1D09,12DA,17FF
1D0A,12DB,1800
1D02,12D3,17F7
1D03,12D4,17F8
1D04,12D5,17FA
1D05,12D6,17FB
1CB1,1282,17A7
1CB2,1283,17A8
1CB3,1284,17A9
1CB4,1285,17AA
1CB5,1286,17AB
1CB6,1287,17AC
1CB7,1288,17AD
1CB8,1289,17AE
1CB9,128A,17AF
1CBA,128B,17B0
1CBB,0A1A,0AE9
1CBC,128C,17B1
1CBD,128D,17B2
1CEF,12BF,17E4
1CF0,12C0,17E5
1CF1,12C1,17E6
1CF2,12C2,17E7
1CF3,12C3,17E8
1CF4,12C4,17E9
1CD3,12A3,17C8
1CD4,12A4,17C9
1CD5,12A5,17CA
1CD6,12A6,17CB
1CD7,12A7,17CC
1CD8,12A8,17CD
1CD9,12A9,17CE
1CDA,12AA,17CF
1CDB,12AB,17D0
1CDC,12AC,17D1
2502,1907,1EA2
2503,1908,1EA3
2504,1909,1EA4
2505,190A,1EA5
2506,190B,1EA6
24B0,186C,1E43
24B1,186D,1E44
24B2,186E,1E45
24B3,186F,1E46
0441,035A,037F
24B4,1870,1E47
24B5,1871,1E48
24B6,1872,1E49
24C8,1889,1E60
24C9,188A,1E61
24CA,188B,1E62
24CB,188C,1E63
24CC,188D,1E64
250D,1914,1EAF
250E,1915,1EB0
250F,1916,1EB1
2511,1918,1EB3
2512,1919,1EB4
0C5D,0763,0830
0E71,0997,0A80
2514,191B,1EB6
249B,1859,1E31
24E4,18A9,1E84
24E5,18AA,1E85
24CD,188E,1E65
24CE,188F,1E66
24E9,18AE,1E89
24EA,18AF,1E8A
24EB,18B0,1E8B
24EC,18B1,1E8C
24CF,1890,1E67
24D0,1891,1E68
24D1,1892,1E69
24D2,1893,1E6A
24D5,1897,1E6F
24D6,1898,1E70
24D7,1899,1E71
24D8,189A,1E72
24D9,189B,1E73
24DA,189C,1E74
24DB,189D,1E75
24DC,189E,1E76
321C,3037,342D
321D,3038,342E
321B,3036,461A
2B66,2AA7,33A7
3223,303E,461C
33B3,31B1,39E0
33B4,31B2,39E1
33B5,31B3,39E2
264C,1C7E,22FC
026C,017F,019D
264D,1C7F,22FD
264E,1C80,22FE
264F,1C81,22FF
2650,1C82,2300
2651,1C83,2301
2652,1C84,2302
33BC,31BA,39E8
33BD,31BB,39E9
33BE,31BC,39EA
33D3,31D4,4645
33D4,31D5,4646
33D1,31D2,4643
33D2,31D3,4644
33E2,31E3,464F
33E3,31E4,4650
33E4,31E5,4651
33DF,31E0,464D
33E0,31E1,464E
33E1,31E2,39AF
33E7,31E8,4654
33E8,31E9,4655
33E9,31EA,4656
3354,314C,3C26
3355,314D,3C27
3356,314E,3C28
1B6B,1135,1687
3357,314F,3C29
3358,3150,3792
3353,314B,3C25
33F2,31F3,465E
33F3,31F4,465F
33EF,31F0,465B
33F0,31F1,465C
33F1,31F2,465D
33FF,3201,466B
3400,3202,466C
33FD,31FF,4669
33FE,3200,466A
3408,320A,4674
3409,320B,4675
340D,320F,4679
340E,3210,467A
3411,3213,467D
3412,3214,467E
3414,3216,4680
3415,3217,4681
3417,3219,4683
3418,321A,4684
3251,3043,3834
3252,3044,3835
3253,3045,3836
324F,3041,3832
3250,3042,3833
3268,305A,3D3E
3269,305B,3D3F
326A,305C,3D40
3275,3067,381E
3276,3068,381F
3277,3069,3820
327E,3070,37D4
327F,3071,37D5
3280,3072,37D6
3286,3078,37F8
3287,3079,37F9
3288,307A,37FA
328E,3080,37FF
328F,3081,3800
3293,3085,37E3
3294,3086,37E4
3295,3087,37E5
3296,3088,37E6
3297,3089,37E7
32A6,3098,37B3
32A7,3099,37B4
32A8,309A,37B5
32B5,30A7,37C7
32B6,30A8,37C8
32B7,30A9,37C9
32C2,30B5,37DC
32C3,30B6,37DD
32C4,30B7,37DE
32C5,30B8,37DF
32CB,30BE,384A
32CC,30BF,384B
32CD,30C0,384C
32CE,30C1,384D
32E7,30DD,3869
32FD,30F4,387F
32FE,30F5,3880
32FF,30F6,3881
3300,30F7,3882
2A9B,29D9,333A
2A9C,29DA,333B
3311,3108,3893
3317,310E,3899
3318,310F,389A
3319,3110,389B
331F,3116,38A1
3320,3117,38A2
341A,321C,4686
341B,321D,4687
341C,321E,4688
3326,311D,4620
3327,311E,4621
3328,311F,4622
3329,3120,4623
332A,3121,3906
3325,311C,461F
341E,3220,468A
341F,3221,468B
3420,3222,468C
3424,3226,4690
3425,3227,4691
342E,3230,469A
342F,3231,469B
3431,3233,469D
3432,3234,469E
339E,319C,39C8
339F,319D,39C9
33A0,319E,39CA
339C,319A,39C6
339D,319B,39C7
3389,3184,397A
338A,3185,397B
338B,3186,397C
3388,3183,3979
3434,3236,3A7E
3435,3237,3A7F
3438,323A,3A82
3439,323B,3A83
343B,323D,3A85
343C,323E,3A86
343E,3240,3A88
343F,3241,3A89
3441,3243,3A8B
3442,3244,3A8C
3444,3246,3A8E
3445,3247,3A8F
3447,3249,3A91
3448,324A,3A92
344A,324C,3A94
344B,324D,3A95
344D,324F,3A97
344E,3250,3A98
3450,3252,3A9A
3451,3253,3A9B
3455,3257,46A2
3456,3258,46A3
3457,3259,46A4
3458,325A,46A5
3459,325B,46A6
3454,3256,46A1
3473,3275,46BF
3474,3276,46C0
347E,3280,46CA
347F,3281,46CB
347D,327F,46C9
35A4,3A5D,30B3
35A6,3A5B,30AF
35A8,4C04,47A7
35AA,4A25,47A9
35AC,4C07,47AB
35AE,4C09,47AD
35B0,4C0B,47AF
35B2,4078,47B1
35B4,4C0E,47B3
35B6,4C10,47B5
35B7,3716,47B6
35BA,4C12,47B9
35FA,3AA2,4213
35FB,3AA3,4214
35FC,3AA4,4215
360D,4C49,47F0
360E,4C4A,47F1
360F,4C4B,47F2
3610,4C4C,47F3
3611,4C4D,47F4
30A7,3AF9,3457
2B20,2A5E,1E6E
361B,4C57,47FE
3626,3A92,4203
3627,3A93,4204
3628,3A94,4205
3632,3A9E,420F
3633,3A9F,4210
3634,3AA0,4211
3637,42E2,3C73
3638,42E3,3C74
3639,42E4,3C75
0EA8,09A4,0B3E
0EA9,09A5,0B3F
0EAA,09A6,0B40
0CCA,07EF,08BD
0CCB,07F0,08BE
0CCC,07F1,08BF
0EAB,09A7,0B41
0CCE,07F3,08C1
0EAC,09A8,0B42
0EAD,09A9,0B43
0CD0,07F5,08C3
0EAE,09AA,0B44
0CD2,07F7,08C5
0EAF,09AB,0B45
0EB0,09AC,0B46
0CD4,07F9,08C7
0EB1,09AD,0B47
0CD6,07FB,08C9
0CD7,07FC,08CA
0CD8,07FD,08CB
0CD9,07FE,08CC
0CDA,07FF,08CD
0EB2,09AE,0B48
0EB3,09AF,0B49
0CDB,0800,08CE
0CDF,0804,08D2
0CE0,0805,08D3
0CE1,0806,08D4
0EB4,09B0,0B4A
0CE3,0808,08D6
0EB5,09B1,0B4B
0EB6,09B2,0B4C
0CE6,080B,08D9
0EB7,09B3,0B4D
0EB8,09B4,0B4E
0EB9,09B5,0B4F
0CE8,080D,08DB
0CE9,080E,08DC
0CEA,080F,08DD
0CEB,0810,08DE
0CEC,0811,08DF
0EBA,09B6,0B50
0EBB,09B7,0B51
0CED,0812,08E0
0EBC,09B8,0B52
0CF2,0817,08E5
0CF3,0818,08E6
0CF4,0819,08E7
0EBD,09B9,0B53
0CF6,081B,08E9
0EBE,09BA,0B54
0EBF,09BB,0B55
0CF8,081D,08EB
0EC0,09BC,0B56
0CFA,081F,08ED
0EC1,09BD,0B57
0EC2,09BE,0B58
0CFC,0821,08EF
0EC3,09BF,0B59
0CFE,0823,08F1
0CFF,0824,08F2
0D00,0825,08F3
0D01,0826,08F4
0EC4,09C0,0B5A
0EC5,09C1,0B5B
0D05,082A,08F8
0D06,082B,08F9
0D07,082C,08FA
0EC6,09C2,0B5C
0EC7,09C3,0B5D
0EC8,09C4,0B5E
0D0B,0830,08FE
0EC9,09C5,0B5F
0D0D,0832,0900
0ECA,09C6,0B60
0ECB,09C7,0B61
0D0F,0834,0902
0D11,0836,0904
0D04,0829,08F7
0D12,0837,0905
0D13,0838,0906
0ECC,09C8,0B62
0ECD,09C9,0B63
0D17,083C,090A
0D18,083D,090B
0D19,083E,090C
0ECE,09CA,0B64
0D1B,0840,090E
0ECF,09CB,0B65
0ED0,09CC,0B66
0D1D,0842,0910
0ED1,09CD,0B67
0D1F,0844,0912
0ED2,09CE,0B68
0ED3,09CF,0B69
0D20,0845,0913
0ED4,09D0,0B6A
0D23,0848,0916
0D24,0849,0917
0D25,084A,0918
0D26,084B,0919
0D27,084C,091A
0ED5,09D1,0B6B
0ED6,09D2,0B6C
0D28,084D,091B
0ED7,09D3,0B6D
0D2A,084F,091D
0D2B,0850,091E
0D2C,0851,091F
0D2D,0852,0920
0D2E,0853,0921
0D2F,0854,0922
0D30,0855,0923
0D31,0856,0924
0D32,0857,0925
0D33,0858,0926
0D34,0859,0927
0D35,085A,0928
0D36,085B,0929
0D37,085C,092A
0D38,085D,092B
0D39,085E,092C
0D3A,085F,092D
0D3B,0860,092E
0D3C,0861,092F
0D3E,0863,0931
0D3F,0864,0932
0D40,0865,0933
0D41,0866,0934
0D42,0867,0935
0D43,0868,0936
0D44,0869,0937
0D45,086A,0938
0D46,086B,0939
0D47,086C,093A
0D48,086D,093B
0D49,086E,093C
0D4A,086F,093D
0E61,0987,0A70
0E4D,0974,0A40
0C87,078E,085C
0C45,074A,0817
0E67,098D,0A76
0C36,073C,0808
0C3E,0744,0810
0C3F,0745,0811
0C41,0747,0813
0E6E,0994,0A7D
0C52,0758,0825
0C54,075A,0827
0C55,075B,0828
0C56,075C,0829
0E73,0999,0A82
0C61,0767,0835
0C62,0768,0836
0C6B,0771,083F
0E76,099C,0A86
0C75,077C,0846
0E78,099E,0A88
0C71,0778,0847
0C73,077A,0849
0EDB,09D7,0B71
0EDC,09D8,0B37
0EDD,09D9,0B72
0605,051C,054A
0CBD,07CA,0898
0CBE,0707,0790
0CC6,07EB,08B9
0CC7,07EC,08BA
0CC8,07ED,08BB
0CC9,07EE,08BC
0CCD,07F2,08C0
0CCF,07F4,08C2
0CD1,07F6,08C4
0CD3,07F8,08C6
0CD5,07FA,08C8
0CDC,0801,08CF
0CDD,0802,08D0
0CDE,0803,08D1
0CE2,0807,08D5
0CE4,0809,08D7
0CE5,080A,08D8
0CE7,080C,08DA
0CEE,0813,08E1
0CEF,0814,08E2
0CF0,0815,08E3
0CF1,0816,08E4
0CF5,081A,08E8
0CF7,081C,08EA
0CF9,081E,08EC
0CFB,0820,08EE
0CFD,0822,08F0
0D02,0827,08F5
0D03,0828,08F6
0D08,082D,08FB
0D09,082E,08FC
0D0A,082F,08FD
0D0C,0831,08FF
0D0E,0833,0901
0D10,0835,0903
0D14,0839,0907
0D15,083A,0908
0D16,083B,0909
0D1A,083F,090D
0D1C,0841,090F
0D1E,0843,0911
0D21,0846,0914
0D22,0847,0915
0D29,084E,091C
0D3D,0862,0930
0D5F,0884,0952
0D60,0885,0953
0D61,0886,0954
0D62,0887,0955
0D63,0888,0956
0D64,0889,0957
0D65,088A,0958
0D66,088B,0959
0D67,088C,095A
0D68,088D,095B
0D69,088E,095C
0D6A,088F,095D
0D6B,0890,095E
0D6C,0891,095F
0D6D,0892,0960
0D6E,0893,0961
0D6F,0894,0962
0D70,0895,0963
0D71,0896,0964
0D72,0897,0965
0D73,0898,0966
0C20,0723,07F2
0C21,0724,07F3
0C2C,072F,07FE
06E1,0730,0626
0C2D,0731,07FF
0D74,0899,0967
0E41,0968,0A34
0E4E,0975,0A41
0E4F,0976,0A42
0E50,0977,0A43
0640,0557,0585
29E5,2913,328C
29E6,2914,328D
29E7,2915,328E
29E8,2916,328F
29E9,2917,3290
29EA,2918,3291
29EB,2919,3292
29EC,291A,3293
29ED,291B,3294
29EE,291C,3295
29EF,291D,3296
29F0,291E,3297
28CA,291F,3298
29F1,2920,3299
29F2,2921,329A
29F3,2922,329B
29F4,2923,329C
29F5,2924,329D
29F6,2925,329E
29F7,2926,329F
29F8,2928,32A0
29F9,2929,32A1
29FB,292B,32A2
29FC,292C,32A3
29FD,292D,32A4
29E1,290F,327C
29E2,2910,327D
29E3,2911,327E
364C,359C,3280
364D,359D,3281
364E,359E,3282
364F,359F,3283
3650,35A0,3284
3651,35A1,3285
3652,35A2,3286
28DF,35A4,3288
3653,35A5,3289
2D33,2C59,3383
2D34,2C5A,3384
3693,4336,35DC
3694,4337,35DD
3695,4338,35DE
3696,4339,35DF
3697,433A,35E0
3698,433B,35E1
3699,433C,35E2
369A,433D,35E3
369B,433E,35E4
369C,433F,35E5
369D,4340,35E6
369E,4341,35E7
369F,4342,35E8
36A0,4343,35E9
36A1,3C79,35EA
36A2,4344,35EB
2A09,293B,32B2
36A3,4345,35EC
36A4,4346,35ED
30C1,300A,33B2
36A5,4347,35EE
36A6,4348,35EF
36A7,4349,35F0
36A8,434A,35F1
2CCD,2BEA,34F8
01EF,0102,0120
0443,035C,0381
2CCE,2BEB,360B
2CCF,2BEC,34F6
2CD4,2BF1,360F
2CD5,2BF2,34F9
2CD6,2BF3,3610
2CD7,2BF4,3597
2CD8,2BF5,34FA
2CD9,2BF6,3598
2CDB,2BF8,3611
3665,42F9,35AD
3666,42FA,35AE
3667,42FB,35AF
3668,3AFE,345C
2B84,2AC5,35B0
2B85,2AC6,35B1
2B86,2AC7,35B2
2B87,2AC8,35B3
2B83,2AC4,35B4
3669,42FC,35B5
366A,42FD,35B6
366B,42FE,35B7
366C,42FF,35B8
366D,4300,35B9
366E,4301,35BA
366F,4302,35BB
3670,4303,35BC
3671,4304,35BD
3672,4305,35BE
3673,4306,35BF
3674,4307,35C0
2E74,2D13,35C1
3675,4308,35C2
3676,4309,35C3
3677,430A,35C4
3678,430B,35C5
15C8,0DAE,1312
3679,430C,35C6
255A,1BF5,2264
373B,3C6C,366E
373C,3C6D,366F
373D,3C6E,3670
373E,3C6F,3671
373F,3C70,3672
3740,3C71,3673
3741,3C72,3674
3742,3C73,3675
3743,3C74,3676
3744,3C75,3677
3745,3C76,3678
3746,3C77,3679
3747,3C78,367A
3748,3C7A,367B
3749,3C7B,367C
374A,3C7C,367D
374B,3C7D,367E
374C,3C7E,367F
374D,3C7F,3680
374E,3C80,3681
374F,3C81,3682
3750,3C82,3683
3751,3C83,3684
3752,3C84,3685
3753,3C85,3686
3754,3C86,3687
372D,3C5E,3660
372E,3C5F,3661
372F,3C60,3662
3730,3C61,3663
3731,3C62,3664
3732,3C63,3665
3733,3C64,3666
3734,3C65,3667
3735,3C66,3668
3736,3C67,3669
3737,3C68,366A
3738,3C69,366B
3739,3C6A,366C
373A,3C6B,366D
3814,3D65,3746
3815,3D66,3747
2CB0,2BCC,3CB6
2CB1,2BCD,3CB7
2CB2,2BCE,3CB8
2CB3,2BCF,3CB9
06B4,0EB7,05F9
2CB4,2BD0,3CBA
2CB5,2BD1,3CBB
2CB6,2BD3,3CBC
2CB7,2BD4,3CBD
2CB8,2BD5,3CBE
2CB9,2BD6,3CBF
2CBA,2BD7,3CC0
2CBB,2BD8,3CC1
2CBC,2BD9,3CC2
2CBD,2BDA,3CC3
2CBE,2BDB,3CC4
2B0B,2A49,3C87
2B0C,2A4A,3C88
2B0D,2A4B,3C89
2B0E,2A4C,3C8A
2B0F,2A4D,3C8B
2B10,2A4E,3C8C
2B11,2A4F,3C8D
2B12,2A50,3C8E
2B13,2A51,3C8F
2B14,2A52,3C90
2B15,2A53,3C91
2B16,2A54,3C92
2B17,2A55,3C93
2B18,2A56,3C94
2B19,2A57,3C95
2B1A,2A58,3C96
2B1B,2A59,3C97
2B1C,2A5A,3C98
2B1D,2A5B,3C99
2B1E,2A5C,3C9A
2B1F,2A5D,3C9B
2B21,2A5F,3C9C
2B25,2A63,3C9D
2B26,2A64,3C9E
2B27,2A65,3C9F
2852,289F,3CA0
2CA3,2BBF,3CA1
2CA4,2BC0,3CA2
2CA5,2BC1,3CA3
251D,1BB2,2224
15CE,0DB6,1318
2854,28A1,3CA4
2CA6,2BC2,3CA5
3859,3B11,346F
385A,3B12,3470
385B,3B13,3471
385C,3B14,3472
385D,3B15,3473
385E,3B16,3474
385F,3B17,3475
3860,3B18,3476
3861,3B19,3477
3862,3B1A,3478
3863,3B1B,3479
3864,3B1C,347A
3865,3B1D,347B
2CD1,2BEE,34F7
383D,3AED,344B
383E,3AEE,344C
383F,3AEF,344D
3840,3AF0,344E
3841,3AF1,344F
3842,3AF2,3450
3843,3AF3,3451
3844,3AF4,3452
3845,3AF5,3453
3846,3AF6,3454
3847,3AF7,3455
3848,3AF8,3456
3849,3AFA,3458
384A,3AFB,3459
36AA,3AFC,345A
384B,3AFD,345B
384C,3AFF,345D
384D,3B00,345E
384E,3B01,345F
384F,3B02,3460
3850,3B03,3461
38D1,3BE5,352B
38D2,3BE6,352C
38D3,3BE7,352D
38D4,3BE8,352E
38D5,3BE9,352F
38D6,3BEA,3530
38D7,3BEB,3531
38D8,3BEC,3532
19B5,0EE5,1442
38D9,3BED,3533
38DA,3BEE,3534
38DB,3BEF,3535
38DC,3BF0,3536
38DD,3BF1,3537
38DE,3BF2,3538
38DF,3BF3,3539
38E0,3BF4,353A
2CF4,2C1A,3596
38AE,3BC2,3508
38AF,3BC3,3509
38B0,3BC4,350A
38B1,3BC5,350B
38B2,3BC6,350C
38B3,3BC7,350D
38B4,3BC8,350E
38B5,3BC9,350F
38B6,3BCA,3510
38B7,3BCB,3511
38B8,3BCC,3512
38B9,3BCD,3513
38BA,3BCE,3514
38BB,3BCF,3515
38BC,3BD0,3516
38BD,3BD1,3517
38BE,3BD2,3518
38BF,3BD3,3519
38C0,3BD4,351A
38C1,3BD5,351B
19E8,0F18,1475
19E9,0F19,1476
19EA,0F1A,1477
19E7,0F17,1474
19C7,0EF7,1454
19C8,0EF8,1455
19C9,0EF9,1456
19CA,0EFA,1457
19CB,0EFB,1458
19CC,0EFC,1459
218C,1755,1C28
218D,1756,1C29
218E,1757,1C2A
218F,1758,1C2B
1306,0B41,0FEC
1307,0B42,0FED
2197,1760,1C33
2168,1731,1C04
2169,1732,1C05
216A,1733,1C06
216B,1734,1C07
216C,1735,1C08
216D,1736,1C09
216E,1737,1C0A
215D,1726,1BF9
215E,1727,1BFA
215F,1728,1BFB
2160,1729,1BFC
2161,172A,1BFD
2162,172B,1BFE
2163,172C,1BFF
393C,4C65,480C
393E,4C67,480E
3940,4C69,4810
3942,4C6B,4812
3944,4C6D,4814
3946,4C6F,4816
3947,4C70,4817
3949,4C72,4819
394B,4C74,481B
394D,4C76,481D
394F,4C78,481F
3951,4C7A,4821
3953,4C7C,4823
39C4,4AF2,484B
39C5,4AF3,484C
39C6,4AF4,484D
39C3,43B2,39AE
39CC,4C93,4853
39CB,4C92,4852
2BAB,2AEC,4855
2BAC,2AED,4856
2BAD,2AEE,4857
3375,316D,3D48
3376,316E,3D49
3377,316F,3D4A
3975,4119,3805
3976,411A,3806
3977,411B,3807
023A,014D,016B
3978,411C,380B
023B,014E,016C
337C,3177,3826
337D,3178,3827
337E,3179,3828
337F,317A,3829
337A,3175,3824
337B,3176,3825
3957,3D6A,378E
3958,3D6B,378F
3959,3D6C,3790
395A,3D6D,3791
3956,3D69,378D
39CE,3ABA,381A
39CF,3ABB,381B
39D0,3ABC,381C
329B,308D,37EB
329C,308E,37EC
329D,308F,37ED
398D,4C7E,4834
398E,4C7F,4835
398F,4C80,4836
3990,4C81,4837
3992,3E9F,3A49
3993,3EA0,3A4A
3994,3EA1,3A4B
39D2,3AC2,3D55
39D3,3AC3,3D56
39D4,3AC4,3D57
39D6,4C95,4863
39D7,4C96,4864
39D8,4C97,4865
3989,412D,3D4C
398A,412E,3D4D
398B,412F,3D4E
39E2,4CA1,486F
39E3,4CA2,4870
39E4,4CA3,4871
39E6,3EC8,4454
39E7,3EC9,4455
33AD,31AB,39DA
33AE,31AC,39DB
33AF,31AD,39DC
39ED,4CA5,4873
39EE,4CA6,4874
39F5,4CAD,487B
39F6,4CAE,487C
39FA,4CB2,4880
39FB,4CB3,4881
39FD,3ED6,445F
39FE,3ED7,4460
39FF,3ED8,4461
3A00,3ED9,4462
3A01,3EDA,4463
02A4,01B8,01D6
1A81,1057,15D6
0E1C,0940,0A0F
05F1,0508,0536
0580,0499,04BF
1A83,1059,15D8
1A84,105A,15D9
1360,0B90,103D
05EB,0502,052A
3096,2F44,3752
3097,2F45,3753
288D,28DA,3395
1478,0C98,1146
0448,0361,0386
0445,035E,0383
0449,0362,0387
2223,18EA,1CBC
03DA,02F3,0318
03DB,02F4,0319
03EC,0305,032A
03A9,02C2,02E7
0498,03B1,03D6
1EB8,0FB1,150F
1DEB,0FB2,1510
1DEC,0FB3,1511
1DED,0FB4,1512
0E28,094F,0A1B
1EDA,1006,1564
05E8,04FF,0527
1C30,0FC4,1522
1C31,0FC5,1523
1361,0B91,103E
0405,031E,0343
05EA,0501,0529
05F0,0507,052F
142A,0C4A,0543
05FE,0515,0530
135F,0B8F,10FF
1431,0C51,0530
191F,0E49,13AC
03DE,02F7,031C
1C34,0FCB,1529
1C33,0FCC,152A
1EC5,0FCD,152B
22DD,18F4,1D80
05E3,04FA,0522
066B,0582,05B0
1C36,0FCF,152D
05F6,050D,053B
0635,054C,057A
05F7,050E,053C
22DE,18F5,1D81
03FF,0318,033D
1EC9,0FD7,1535
0677,058E,05BC
0678,058F,05BD
0679,0590,05BE
067A,0591,05BF
067B,0592,05C0
1C40,0FD8,1536
0602,0519,0547
1ECA,0FD9,1537
0604,051B,0549
0606,051D,054B
0EDF,09DB,0B3A
060E,0525,0553
0603,051A,0548
1C44,0FDA,1538
060F,0526,0554
0610,0527,0555
0611,0528,0556
1C45,0FDB,1539
0624,053B,0569
1ECB,0FE1,153F
0E57,097E,0A4A
22E1,18F8,1D84
05E0,04F7,051F
0410,0329,034E
22E2,18F9,1D85
041C,0335,035A
041B,0334,0359
041F,0338,035D
22E3,18FA,1D86
1928,0E52,13B5
1ED9,1005,1563
1C4B,0FE3,1541
1C51,0FEC,154A
0634,054B,0579
1ED4,0FEF,154D
1C55,0FEE,154C
1C72,1239,1769
0637,054E,057C
253B,1BD3,2242
0691,05A8,05D6
1C76,1003,1561
1C75,1002,1560
0687,059E,05CC
1ED5,0FF0,154E
0662,0579,05A7
0674,058B,05B9
1C5B,0FF1,154F
2037,1651,1AC9
0642,0559,0587
0684,059B,05C9
0643,055A,0588
0644,055B,0589
1C5D,0FF2,1550
202F,1649,1AC1
2027,1641,1AB9
2026,1640,1AB8
2501,18FB,1EA1
1C5F,1230,1760
2032,164C,1AC4
064E,0565,0593
1ED6,0FF4,1552
1ED7,0FF5,1553
0650,0567,0595
0651,0568,0596
0652,0569,0597
1C61,0FF6,1554
1C68,0FFB,1559
1C6A,0FFC,155A
1C69,0FFD,155B
202E,1648,1AC0
0688,059F,05CD
0460,0379,039E
057F,0498,04BE
057B,0494,04BA
22E4,18FC,1D87
22E5,18FD,1D88
0494,03AD,03D2
0496,03AF,03D4
22E6,18FE,1D89
0497,03B0,03D5
0499,03B2,03D7
22EA,1902,1D8D
22EB,1903,1D8E
043E,0357,037C
057A,0493,04B9
0636,054D,057B
05E4,04FB,0523
03FE,0317,033C
066D,0584,05B2
066C,0583,05B1
22EC,1904,1D8F
2038,1652,1ACA
1C3F,1004,1562
0641,0558,0586
0676,058D,05BB
0685,059C,05CA
0645,055C,058A
22ED,1905,1D90
046D,0386,03AB
046E,0387,03AC
066F,0586,05B4
2039,1653,1ACB
066A,0581,05AF
0689,05A0,05CE
068E,05A5,05D3
22EE,1906,1D91
0480,0399,03BE
04B0,03C9,03EE
0482,039B,03C0
0463,037C,03A1
0431,034A,036F
1A3E,1017,1575
0446,035F,0384
0447,0360,0385
044C,0365,038A
048B,03A4,03C9
2535,1BCD,223C
2536,1BCE,223D
2537,1BCF,223E
252A,1BBF,2231
252B,1BC0,2232
252C,1BC1,2233
252D,1BC2,2234
252E,1BC3,2235
252F,1BC4,2236
2530,1BC5,2237
2531,1BC6,2238
2532,1BC7,2239
253C,1BD4,2243
253D,1BD5,2244
253E,1BD6,2245
253F,1BD7,2246
06E3,2932,0628
311D,2F78,31B3
294F,2C04,31CE
2950,2C05,31CF
2184,174D,1C20
2185,174E,1C21
2186,174F,1C22
19CE,0EFE,145B
2951,2C06,31D0
2952,2C07,31D1
2953,2C08,31D2
2954,2C09,31D3
2955,2C0A,31D4
06C8,0EBD,060D
25DF,1C0E,228C
312D,2F88,31D7
312E,2F89,31D8
312F,2F8A,31D9
28D6,2F8B,31DA
2A6D,29A5,31DB
295B,29AD,31DC
3135,2F92,31E5
1425,0C45,10F3
293E,2947,31EF
2887,28D4,31F0
293F,2948,31F1
313E,2F9B,31F2
313F,2F9C,31F3
2886,28D3,3212
1ADD,10B3,15A9
314E,2FB4,3213
3154,2FBB,321F
2871,28BE,3260
2872,28BF,3261
0D5D,0882,0950
13F0,0C11,10BF
146B,0C8B,1139
13EF,0C10,10BE
13F6,0C17,10C5
13FF,0C20,10CE
2873,28C0,3262
145F,0C7F,112D
13E4,0C05,10B3
13E5,0C06,10B4
13E6,0C07,10B5
2CDC,2BF9,3263
310E,2F69,319F
310F,2F6A,31A0
0E13,0937,0A06
2D37,2C5D,3268
2D38,2C5E,3269
2888,28D5,3390
0D5C,0881,094F
0D59,087E,094C
0481,039A,03BF
201E,1638,1AB0
21BF,1788,1C5B
21C0,1789,1C5C
201F,1639,1AB1
1C73,123A,176A
2020,163A,1AB2
1C2F,1217,1747
06C6,0EBB,060B
1C74,123B,176B
2023,163D,1AB5
2024,163E,1AB6
2025,163F,1AB7
1C41,1221,1751
1C42,1222,1752
2028,1642,1ABA
1C5A,122E,175E
0625,053C,056A
2029,1643,1ABB
202A,1644,1ABC
202D,1647,1ABF
1C4D,0FEA,1548
1C2C,1215,1745
1C59,122D,175D
1C5C,122F,175F
1C60,1231,1761
064F,0566,0594
2033,164D,1AC5
2034,164E,1AC6
04AE,03C7,03EC
0495,03AE,03D3
2035,164F,1AC7
04A2,03BB,03E0
0D53,0878,0946
2036,1650,1AC8
03A6,02BF,02E4
0D5E,0883,0951
04AF,03C8,03ED
203A,1654,1ACC
048A,03A3,03C8
044A,0363,0388
21A1,176A,1C3D
21A2,176B,1C3E
21A3,176C,1C3F
21A4,176D,1C40
21B4,177D,1C50
21B5,177E,1C51
21A5,176E,1C41
21A6,176F,1C42
21A7,1770,1C43
21A8,1771,1C44
21A9,1772,1C45
21AA,1773,1C46
21AB,1774,1C47
21AC,1775,1C48
21C1,178A,1C5D
21C2,178B,1C5E
21C3,178C,1C5F
21C4,178D,1C60
21C5,178E,1C61
03A4,02BD,02E2
03A5,02BE,02E3
03A7,02C0,02E5
03A8,02C1,02E6
03D9,02F2,0317
03E9,0302,0327
03EA,0303,0328
03EB,0304,0329
03ED,0306,032B
03FD,0316,033B
0404,031D,0342
0408,0321,0346
040F,0328,034D
0419,0332,0357
041A,0333,0358
041D,0336,035B
041E,0337,035C
047B,0394,03B9
045F,0378,039D
0461,037A,039F
0462,037B,03A0
047C,0395,03BA
042D,0346,036B
042E,0347,036C
042F,0348,036D
0430,0349,036E
0432,034B,0370
0433,034C,0371
0434,034D,0372
043D,0356,037B
043F,0358,037D
0440,0359,037E
0444,035D,0382
044B,0364,0389
0464,037D,03A2
046A,0383,03A8
046B,0384,03A9
046C,0385,03AA
02A2,01B6,01D4
047E,0397,03BC
047F,0398,03BD
0489,03A2,03C7
0493,03AC,03D1
04A1,03BA,03DF
04A3,03BC,03E1
04B1,03CA,03EF
04B2,03CB,03F0
04B3,03CC,03F1
058E,04A7,04CD
058F,04A8,04CE
0590,04A9,04CF
0593,04AA,04D2
191E,0E48,13AB
1920,0E4A,13AD
1921,0E4B,13AE
1922,0E4C,13AF
1926,0E50,13B3
1927,0E51,13B4
1929,0E53,13B6
192A,0E54,13B7
192C,0E56,13B9
192D,0E57,13BA
192E,0E58,13BB
192F,0E59,13BC
1989,0EB3,1416
198A,0EB4,1417
198B,0EB5,1418
198C,0EB6,1419
198D,0EB8,141A
1974,0E9E,1401
1975,0E9F,1402
1976,0EA0,1403
1978,0EA2,1405
1979,0EA3,1406
197A,0EA4,1407
197B,0EA5,1408
197C,0EA6,1409
1986,0EB0,1413
1987,0EB1,1414
1988,0EB2,1415
19FB,0F2B,1488
19FC,0F2C,1489
19FD,0F2D,148A
19FE,0F2E,148B
19FF,0F2F,148C
1A00,0F30,148D
1A13,0F43,14A0
19F7,0F27,1484
19F8,0F28,1485
19F9,0F29,1486
19FA,0F2A,1487
1944,0E6E,13D1
1945,0E6F,13D2
1946,0E70,13D3
1947,0E71,13D4
1948,0E72,13D5
18DE,0E07,136B
193C,0E66,13C9
193D,0E67,13CA
193E,0E68,13CB
193F,0E69,13CC
1940,0E6A,13CD
1941,0E6B,13CE
18FA,0E24,1387
18FB,0E25,1388
18FC,0E26,1389
1A77,104D,15CC
1A78,104E,15CD
1A79,104F,15CE
1A7A,1050,15CF
1A7B,1051,15D0
1A7C,1052,15D1
1A7D,1053,15D2
1A7E,1054,15D3
1A80,1056,15D5
1A74,104A,4222
1A75,104B,4223
1A76,104C,15CB
3191,3006,33AE
3192,3007,33AF
3193,3008,33B0
3194,3009,33B1
3195,300B,33B3
3186,2FFB,33A2
3187,2FFC,33A3
3188,2FFD,33A4
3189,2FFE,33A5
318A,2FFF,33A6
318B,3000,33A8
318C,3001,33A9
318D,3002,33AA
318E,3003,33AB
318F,3004,33AC
3190,3005,33AD
19B2,0EE2,143F
19B3,0EE3,1440
19B4,0EE4,1441
19B6,0EE6,1443
19BE,0EEE,144B
19AA,0EDA,1437
19AB,0EDB,1438
19AC,0EDC,1439
19B1,0EE1,143E
1411,0C32,10E0
1412,0C33,10E1
1C2B,1214,1744
1C2D,1216,1746
1C32,1218,1748
1C35,1219,1749
1C38,121A,174A
1C3C,121E,174E
0626,053D,056B
1C4A,1223,1753
1C4C,1224,1754
1C4E,1225,1755
1C4F,1226,1756
1C50,1227,1757
1C54,1229,1759
1C6E,1235,1765
0D52,0877,0945
05E2,04F9,0521
1C77,123C,176C
0670,0587,05B5
1C79,123D,176D
1C7A,123E,176E
1479,0C99,1147
147A,0C9A,1148
1D9E,1396,1897
1D9F,1397,1898
1BC8,11BB,16EA
1BCB,11BE,16ED
1DEA,140A,18E3
1DEE,140B,18E4
1DC9,13E9,18C2
1DCC,13EC,18C5
1DE2,1402,18DB
1DF5,140F,18E8
1EB7,0FB0,FFFFFFFF
1EC0,0FC3,FFFFFFFF
1EC1,0FC6,1524
0E0E,0932,0A01
1EC6,0FD4,FFFFFFFF
1ECC,0FE2,FFFFFFFF
1ECF,0FE6,FFFFFFFF
1ED2,0FE9,FFFFFFFF
1ED3,0FEB,FFFFFFFF
1ED8,0FFA,1558
1EDD,1009,FFFFFFFF
1EE1,100D,156B
1E74,14DC,1969
1A35,100E,156C
05DF,04F6,051E
05F4,050B,0539
05F8,050F,053D
05FF,0516,0544
062C,0543,0571
062E,0545,0573
0631,0548,0576
0632,0549,0577
0661,0578,05A6
0663,057A,05A8
0668,057F,05AD
0669,0580,05AE
066E,0585,05B3
0675,058C,05BA
0686,059D,05CB
0690,05A7,05D5
1F19,151B,19A5
1F3E,1540,19CB
1F2C,152E,19B8
1F2E,1530,19BA
1F78,1589,1A06
2445,17FF,FFFFFFFF
2448,1802,FFFFFFFF
069B,05AC,05E0
20D7,1693,1B6C
2138,16FD,FFFFFFFF
2139,16FE,1BD5
213A,16FF,1BD6
213C,1705,FFFFFFFF
213D,1706,FFFFFFFF
2141,170A,FFFFFFFF
2142,170B,FFFFFFFF
2107,16CC,1BA0
212A,16EF,1BC3
2128,16ED,1BC1
2129,16EE,1BC2
2145,170E,1BE1
2146,170F,1BE2
2147,1710,1BE3
2148,1711,1BE4
2149,1712,1BE5
214A,1713,1BE6
18E5,0E0E,1372
1B21,10EB,163D
214B,1714,1BE7
214C,1715,1BE8
1D74,134B,186C
214D,1716,1BE9
1D61,1338,1859
1D62,1339,185A
1D63,133A,185B
1D64,133B,185C
1D66,133D,185E
1D67,133E,185F
1D68,133F,1860
1D69,1340,1861
1D6A,1341,1862
1D6B,1342,1863
1D6C,1343,1864
1D6D,1344,1865
1D6E,1345,1866
1D6F,1346,1867
1D70,1347,1868
1D4A,1321,1841
1D46,131D,183D
1D47,131E,183E
1D48,131F,183F
1D49,1320,1840
1B26,10F0,1642
1D71,1348,1869
1D72,1349,186A
0E25,094C,0A18
1B27,10F1,1643
029C,01B0,01CE
1D73,134A,186B
1D75,134C,186D
06C7,0EBC,060C
3211,193C,1ED7
1BD6,11C9,16F8
1FBF,15D9,1A50
1FD9,15F3,1A6A
203B,1655,1ACD
1FD2,15EC,1A63
1CBE,128E,17B3
1CBF,128F,17B4
1CC0,1290,17B5
1CC9,1299,17BE
1CCA,129A,17BF
1CCB,129B,17C0
1CCC,129C,17C1
1CCD,129D,17C2
1A04,0F34,1491
1CCE,129E,17C3
1CFB,12CB,17F0
1CFC,12CC,17F1
1CFD,12CD,17F2
1CF5,12C5,17EA
1CF6,12C6,17EB
1CFA,12CA,17EF
24E6,18AB,1E86
24E7,18AC,1E87
24ED,18B2,1E8D
24F8,18EB,1E98
24F9,18EC,1E99
24FA,18ED,1E9A
24FB,18EE,1E9B
24FC,18EF,1E9C
24FD,18F0,1E9D
266E,1CA0,231E
266F,1CA1,231F
026A,017D,019B
2666,1C98,2316
2667,1C99,2317
2668,1C9A,2318
2669,1C9B,2319
266A,1C9C,231A
266B,1C9D,231B
266C,1C9E,231C
266D,1C9F,231D
1B6C,1136,1688
18E0,0E09,136D
18E1,0E0A,136E
18E2,0E0B,136F
18E3,0E0C,1370
18E4,0E0D,1371
18E6,0E0F,1373
18E7,0E10,1374
18E8,0E11,1375
18E9,0E12,1376
18EA,0E13,1377
18EB,0E14,1378
0E1E,0942,0A11
3359,3151,3C2A
335A,3152,3C2B
3281,3073,37D7
3282,3074,37D8
3290,3082,3801
3291,3083,3802
3299,308B,37E9
32C6,30B9,37E0
32C7,30BA,37E1
32CF,30C2,384E
32D0,30C3,384F
32D1,30C4,3850
32D2,30C5,3851
32D3,30C6,3852
32D4,30C7,3853
32D5,30C8,3854
32E8,30DE,386A
32E9,30DF,386B
3301,30F8,3883
3312,3109,3894
3313,310A,3895
3321,3118,38A3
3322,3119,38A4
332B,3122,4624
332C,3123,4625
332D,3124,4626
345A,325C,46A7
345B,325D,46A8
345C,325E,46A9
2C01,2B62,46AA
3471,3273,46BD
3612,4C4E,47F5
3613,4C4F,47F6
0ED8,09D4,0B6E
0ED9,09D5,0B6F
0D4B,0870,093E
0D54,0879,0947
0D58,087D,094B
0EDA,09D6,0B70
0D5B,0880,094E
0EDE,09DA,0B73
0D51,0876,0944
0D75,089A,0968
0D76,089B,0969
0D77,089C,096A
0D78,089D,096B
0E42,0969,0A35
0E55,097C,0A48
29FE,292E,32A5
2A00,2930,32A7
2A02,2934,32A9
284E,289B,32AA
284F,289C,32AB
15B4,0DA6,1309
2A1F,2954,32CA
15B8,0DAA,130D
2A52,2987,32FC
2A53,2988,32FD
2A6B,29A3,3315
2A6C,29A4,3316
25E0,1C0F,228D
25E2,1C11,228F
2A6E,29A6,3317
25E1,1C10,228E
2A6F,29A7,3318
25E5,1C14,2292
25E6,1C15,2293
25E7,1C16,2294
2A72,29AA,331B
295A,29AB,331C
2A73,29AC,331D
2A74,29AE,331E
2A76,29B4,3320
1430,0C50,10FE
2A8E,29CC,332D
2A8F,29CD,332E
2A90,29CE,332F
2A91,29CF,3330
2AA5,29E3,3344
2AAA,29E8,3349
2AAF,29ED,334E
2AB4,29F2,3353
2AB5,29F3,3354
2ABE,29FC,335D
2AC3,2A01,3362
3654,35A6,328A
3655,35A7,328B
371D,4389,364F
371E,438A,3650
36AB,3B21,347F
36AC,434B,35F2
36BF,435E,3615
36C0,435F,3616
36C9,4368,361F
36CE,436D,3624
36D3,3D31,3629
36D4,3D32,362A
36D5,3D33,362B
2E7D,2D1C,362C
36D6,3D34,362D
36D7,3D35,362E
36DA,4372,3631
36DB,3B55,34B7
36DC,3B54,34B6
36DD,3D39,3632
1AD9,10AF,15A5
30D2,300C,33B4
36E0,4373,3634
13E3,0C04,10B2
2CDD,2BFA,3612
2CDE,2BFB,3613
2CDF,2BFC,3614
2579,3CD2,2283
3687,4316,35D0
3688,4317,35D1
367A,430D,35C7
367B,430E,35C8
367C,3B06,3464
367D,3B09,3467
367E,3B07,3465
367F,3B08,3466
2203,4319,1C9C
368A,431A,35D3
368B,431B,35D4
368C,431C,35D5
368D,431D,35D6
2208,431E,1CA1
368E,431F,35D7
3680,430F,35C9
3681,4310,35CA
3682,4311,35CB
3683,4312,35CC
3684,4313,35CD
3685,4314,35CE
3812,3D63,3744
3813,3D64,3745
3755,3B25,3483
3756,3C87,3688
3757,3C88,3689
3758,3C89,368A
1A4D,1026,1583
3796,3CC6,36C8
1A49,1021,157F
3797,3CC7,36C9
3798,3CC8,36CA
37AD,3CE7,36DB
1A4E,1027,1584
37D7,3D23,370E
37E7,3D2C,3716
37EC,3D38,371B
37ED,3D3B,371C
37F2,3D40,3721
37F7,3D45,3726
37FC,3D4A,372B
3801,3D4F,3730
3806,3D54,3735
380B,3D59,373A
3761,3C92,3693
2D31,2C57,3D23
2D32,2C58,3D24
06C4,0EB9,0609
06C5,0EBA,060A
2CBF,2BDC,3CC5
2CE0,2BFD,3CD4
2CE1,2BFE,3CD5
2CE2,2BFF,3CD6
2CE7,2C0D,3CDB
2CE8,2C0E,3CDC
2CE9,2C0F,3CDD
2CEA,2C10,3CDE
2CFE,2C24,3CEF
2D03,2C29,3CF4
2D08,2C2E,3CF9
2D0D,2C33,3CFE
2D12,2C38,3D03
2D17,2C3D,3D08
2D1C,2C42,3D0D
2D21,2C47,3D12
2CA8,2BC4,3CAB
2CA9,2BC5,3CAC
2CA7,2BC3,3CA6
2CAB,2BC7,3CAE
2CAC,2BC8,3CAF
285A,28A7,3CB0
2CAD,2BC9,3CB1
2856,28A3,3CA7
2857,28A4,3CA8
2858,28A5,3CA9
2859,28A6,3CAA
3866,3B1E,347C
3868,3B20,347E
3869,3B22,3480
386B,3B26,3484
386C,3B27,3485
387E,3B47,34A9
3883,3B4C,34AE
3884,3B4D,34AF
3889,3B52,34B4
388A,3B53,34B5
388B,3B56,34B8
3853,3B0B,3469
3854,3B0C,346A
3855,3B0D,346B
3851,3B04,3462
3852,3B05,3463
375E,3B0A,3468
38E1,3BF5,353B
38E2,3BF6,353C
38E3,3BF7,353D
38E4,3BF8,353E
38E5,3BF9,353F
38E6,3BFA,3540
38E7,3BFB,3541
38E8,3BFC,3542
38E9,3BFD,3543
38FA,3C0D,3554
38FF,3C12,3559
3900,3C13,355A
19B7,0EE7,1444
0E1F,0943,0A12
19B8,0EE8,1445
3901,3C14,355B
3906,3C19,3560
3907,3C1A,3561
390C,3C1F,3566
390D,3C20,3567
3912,3C25,356C
3917,3C2A,3571
391C,3C2F,3576
38C9,3BDD,3523
38CA,3BDE,3524
38CB,3BDF,3525
38CC,3BE0,3526
38C2,3BD6,351C
38C3,3BD7,351D
38C4,3BD8,351E
38C5,3BD9,351F
38C6,3BDA,3520
38C7,3BDB,3521
38C8,3BDC,3522
19D5,0F05,1462
19D6,0F06,1463
19D7,0F07,1464
19D8,0F08,1465
19D9,0F09,1466
19E6,0F16,1473
19CD,0EFD,145A
19CF,0EFF,145C
19D0,0F00,145D
19D1,0F01,145E
19D2,0F02,145F
19D3,0F03,1460
19D4,0F04,1461
217A,1743,1C16
217B,1744,1C17
217C,1745,1C18
216F,1738,1C0B
2170,1739,1C0C
2171,173A,1C0D
2172,173B,1C0E
2173,173C,1C0F
04E8,0401,0426
1E19,1463,1910
2187,1750,1C23
2188,1751,1C24
04EB,0404,0429
04EC,0405,042A
141C,0C3C,10EA
141D,0C3D,10EB
3380,317B,382A
3381,317C,382B
395B,3D6E,3793
395C,3D6F,3794
395D,3D70,3795
3A02,3EDB,4464
1A87,105D,15DC
3098,2F46,3754
309C,2F4A,3758
03F7,0310,0335
1367,0B97,FFFFFFFF
05E7,04FE,0526
03F1,030A,032F
0428,0341,0366
0659,0570,059E
057C,0495,04BB
0425,033E,0363
0476,038F,03B4
2538,1BD0,223F
06E6,2933,062B
311E,2F79,31B4
2A78,29B6,31B5
2956,2C0B,31D5
3130,2F8C,31DD
3136,2F93,31E6
3140,2F9D,31F4
3148,2FA8,31FF
314F,2FB5,3214
3155,2FBC,3220
13E7,0C08,10B6
2889,28D6,3391
21B6,177F,1C52
21B0,1779,1C4C
03EE,0307,032C
03F3,030C,0331
047D,0396,03BB
0468,0381,03A6
05A0,04B7,04DF
05A2,04B9,04E1
05A3,04BA,04E2
0594,04AB,04D3
198E,0EBE,141B
198F,0EBF,141C
197F,0EA9,140C
1364,0B94,1041
0E23,094A,0A16
1A01,0F31,148E
1A02,0F32,148F
1A03,0F33,1490
18F5,0E1F,1382
1942,0E6C,13CF
139E,0BB8,1066
1AA3,1079,15F8
1AA4,107A,15F9
1AA5,107B,15FA
1AA6,107C,15FB
1AB0,1086,1605
1AB1,1087,1606
1AB2,1088,1607
1A82,1058,15D7
1A8A,1060,15DF
1A8B,1061,15E0
1A8C,1062,15E1
1AA2,1078,15F7
3196,300D,33B5
19B9,0EE9,1446
1BCC,11BF,16EE
1BCD,11C0,16EF
1BCE,11C1,16F0
1BCF,11C2,16F1
1F2F,1531,19BB
1F30,1532,19BC
1F31,1533,19BD
1F32,1534,19BE
213B,1704,1BD7
1FD3,15ED,1A64
1FD4,15EE,1A65
1FD5,15EF,1A66
1FD6,15F0,1A67
18ED,0E16,137A
335B,3153,3C2C
332F,3126,3487
336B,3163,3C3C
32D6,30C9,3855
32E3,30D9,3865
32EA,30E0,386C
32EE,30E4,3870
32F2,30E8,3874
32F6,30EC,3878
3302,30F9,3884
332E,3125,4627
3340,3138,462F
3344,313C,4633
345D,325F,46AB
3469,326B,46B4
346D,326F,46B8
2C02,2B63,46BC
3614,4C50,47F7
3615,4C51,47F8
3616,4C52,47F9
0E58,097F,0A4B
0D7E,08A3,0971
0D7F,08A4,0972
0D80,08A5,0973
0D81,08A6,0974
0D82,08A7,0975
0D83,08A8,0976
0D84,08A9,0977
0D85,08AA,0978
0D86,08AB,0979
0D87,08AC,097A
0D88,08AD,097B
0D89,08AE,097C
0D8A,08AF,097D
0D8B,08B0,097E
0D8C,08B1,097F
0D8D,08B2,0980
0D8E,08B3,0981
0D8F,08B4,0982
0D90,08B5,0983
0D91,08B6,0984
0D92,08B7,0985
0D93,08B8,0986
0D94,08B9,0987
0D95,08BA,0988
0D96,08BB,0989
0D97,08BC,098A
0D98,08BD,098B
0D99,08BE,098C
0D9A,08BF,098D
0D9B,08C0,098E
0D9C,08C1,098F
0D9D,08C2,0990
0D9E,08C3,0991
0D9F,08C4,0992
0DA0,08C5,0993
0DA1,08C6,0994
0DA2,08C7,0995
0DA3,08C8,0996
0DA4,08C9,0997
0DA5,08CA,0998
0DA6,08CB,0999
0DA7,08CC,099A
0DA8,08CD,099B
0DA9,08CE,099C
0DAA,08CF,099D
0DAB,08D0,099E
0DAC,08D1,099F
0DAD,08D2,09A0
0DAE,08D3,09A1
0DAF,08D4,09A2
0DB0,08D5,09A3
0DB1,08D6,09A4
0DB2,08D7,09A5
0DB3,08D8,09A6
0DB4,08D9,09A7
0DB5,08DA,09A8
0DB6,08DB,09A9
0DB7,08DC,09AA
0DB8,08DD,09AB
0DB9,08DE,09AC
0DBA,08DF,09AD
0DBB,08E0,09AE
0DBC,08E1,09AF
0DBD,08E2,09B0
0DBE,08E3,09B1
0DBF,08E4,09B2
0DC0,08E5,09B3
0DC1,08E6,09B4
0DC2,08E7,09B5
0DC3,08E8,09B6
0DC4,08E9,09B7
0DC5,08EA,09B8
0DC6,08EB,09B9
0DC7,08EC,09BA
0DC8,08ED,09BB
0DC9,08EE,09BC
0DCA,08EF,09BD
0DCB,08F0,09BE
0DCC,08F1,09BF
0DCD,08F2,09C0
0DCE,08F3,09C1
0DCF,08F4,09C2
0DD0,08F5,09C3
0DD1,08F6,09C4
0DD2,08F7,09C5
0DD3,08F8,09C6
0DD4,08F9,09C7
0DD5,08FA,09C8
0DD6,08FB,09C9
0DD7,08FC,09CA
0DD8,08FD,09CB
0DD9,08FE,09CC
0DDA,08FF,09CD
0DDB,0900,09CE
0DDC,0901,09CF
0DDD,0902,09D0
0DDE,0903,09D1
0DDF,0904,09D2
0DE0,0905,09D3
0DE1,0906,09D4
0DE2,0907,09D5
0DE3,0908,09D6
0DE4,0909,09D7
0DE5,090A,09D8
0DE6,090B,09D9
0DE7,090C,09DA
0DE8,090D,09DB
0DE9,090E,09DC
0DEA,090F,09DD
0DEB,0910,09DE
0DEC,0911,09DF
0DED,0912,09E0
0DEE,0913,09E1
0DEF,0914,09E2
0DF0,0915,09E3
0DF1,0916,09E4
0DF2,0917,09E5
0DF3,0918,09E6
0DF4,0919,09E7
0DF5,091A,09E8
0DF6,091B,09E9
0DF7,091C,09EA
0DF8,091D,09EB
0DF9,091E,09EC
0DFA,091F,09ED
0DFB,0920,09EE
0DFC,0921,09EF
0DFD,0922,09F0
0DFE,0923,09F1
0DFF,0924,09F2
0E01,0925,09F4
0E02,0926,09F5
0E03,0927,09F6
0E04,0928,09F7
0E05,0929,09F8
0E06,092A,09F9
0E07,092B,09FA
0D79,089E,096C
0D7A,089F,096D
0D7B,08A0,096E
29FF,292F,32A6
2A01,2931,32A8
2A04,2936,32AD
2A05,2937,32AE
2A06,2938,32AF
2A07,2939,32B0
2A08,293A,32B1
2A0A,293C,32B3
2868,28B5,32C9
2851,289E,32AC
2518,1BAD,221F
2519,1BAE,2220
251A,1BAF,2221
251B,1BB0,2222
251C,1BB1,2223
2A20,2955,32CB
2A21,2956,32CC
2A22,2957,32CD
2A23,2958,32CE
2A24,2959,32CF
2A25,295A,32D0
2557,1BF2,2261
2558,1BF3,2262
2559,1BF4,2263
2A57,298C,3301
2A58,298D,3302
2A59,298E,3303
2A5A,298F,3304
2A5B,2990,3305
2A5C,2991,3306
2A54,2989,32FE
2A55,298A,32FF
2A56,298B,3300
2A70,29A8,3319
2A75,29B3,331F
2A77,29B5,3321
020D,0120,013E
2A92,29D0,3331
2A93,29D1,3332
2A94,29D2,3333
2A9E,29DC,333D
2AA6,29E4,3345
0274,0187,01A5
0272,0185,01A3
2AAB,29E9,334A
2AB0,29EE,334F
2AB6,29F4,3355
2ABA,29F8,3359
2ABF,29FD,335E
2AC4,2A02,3363
36AD,434C,35F3
2CC1,2BDE,35F4
36C1,4360,3617
36C5,4364,361B
36CA,4369,3620
36CF,436E,3625
36D8,3D36,362F
36DF,3D3A,3633
36E1,4374,3635
257D,3CD6,2287
3689,4318,35D2
2215,4323,1CAE
3692,432D,35DB
368F,4320,35D8
3690,4321,35D9
2211,3D00,1CAA
3691,4322,35DA
2224,3D05,1CBD
2225,3D06,1CBE
2226,432E,1CBF
2227,3D07,1CC0
2228,432F,1CC1
2229,4330,1CC2
222A,4331,1CC3
222B,4332,1CC4
222C,4333,1CC5
222D,4334,1CC6
222E,4335,1CC7
1B28,10F2,1644
3775,3CA8,36A9
3776,3CA9,36AA
3777,3CAA,36AB
3778,3CAB,36AC
3779,3CAC,36AD
377A,3CAD,36AE
376E,3C9F,36A0
3759,3C8A,368B
15CB,0DB1,1315
375A,3C8B,368C
28E3,3C8C,368D
379A,3CD8,36CC
379B,3CD9,36CD
379C,3CDA,36CE
379D,3CDB,36CF
379E,3CDC,36D0
2570,3CC9,227A
3799,3CCA,36CB
2572,3CCB,227C
37C1,3D0C,36EF
37C2,3D0D,36F0
37C3,3D0E,36F1
37C4,3D0F,36F2
37C5,3D10,36F3
37AE,3CE8,36DC
37AF,3CE9,36DD
37B0,3CEA,36DE
37B1,3CEB,36DF
37D8,3D24,370F
37E8,3D2D,3717
37EE,3D3C,371D
37F3,3D41,3722
37F8,3D46,3727
37FD,3D4B,372C
3802,3D50,3731
3807,3D55,3736
380C,3D5A,373B
2CC0,2BDD,3CC6
2CE3,2C00,3CD7
2CEB,2C11,3CDF
2CEF,2C15,3CE3
2CF6,2C1C,3CE7
2CFA,2C20,3CEB
2CFF,2C25,3CF0
2D04,2C2A,3CF5
2D09,2C2F,3CFA
2D0E,2C34,3CFF
2D13,2C39,3D04
2D18,2C3E,3D09
2D1D,2C43,3D0E
2D22,2C48,3D13
2CAA,2BC6,3CAD
2CAE,2BCA,3CB2
2CAF,2BCB,3CB3
285C,28A9,3CB4
285D,28AA,3CB5
3867,3B1F,347D
386A,3B24,3482
386D,3B28,3486
387A,3B43,34A5
387F,3B48,34AA
3885,3B4E,34B0
388C,3B57,34B9
3857,3B0F,346D
3856,3B0E,346C
38EA,3BFE,3544
38FB,3C0E,3555
3902,3C15,355C
3908,3C1B,3562
390E,3C21,3568
3913,3C26,356D
3918,3C2B,3572
391D,3C30,3577
38CE,3BE2,3528
38CF,3BE3,3529
38CD,3BE1,3527
19DA,0F0A,1467
19DB,0F0B,1468
395E,3D71,3796
396A,3D7D,37A6
3A03,3EDC,4465
3099,2F47,3755
309A,2F48,3756
309B,2F49,3757
309D,2F4B,3759
309E,2F4C,375A
309F,2F4D,375B
057E,0497,04BD
057D,0496,04BC
311F,2F7A,31B6
3120,2F7B,31B7
2A88,29C6,31C8
2A89,29C7,31C9
2957,2C0C,31D6
3131,2F8D,31DE
3132,2F8E,31DF
3133,2F8F,31E0
3137,2F94,31E7
3138,2F95,31E8
3139,2F96,31E9
3141,2F9E,31F5
3142,2F9F,31F6
3143,2FA0,31F7
3149,2FA9,3200
314A,2FAA,3201
314B,2FAB,3202
3150,2FB6,3215
3151,2FB7,3216
3152,2FB8,3217
3156,2FBD,3221
3157,2FBE,3222
3158,2FBF,3223
13E9,0C0A,10B8
288A,28D7,3392
288B,28D8,3393
288C,28D9,3394
21B1,177A,1C4D
21B2,177B,1C4E
21B3,177C,1C4F
03F2,030B,0330
03F4,030D,0332
1AA9,107F,15FE
1A8D,1063,15E2
1A9A,1070,15EF
1A9E,1074,15F3
18EE,0E17,137B
335C,3154,3C2D
335D,3155,3C2E
335E,3156,3C2F
3330,3127,3488
336C,3164,3C3D
336D,3165,3C3E
336E,3166,3C3F
32D7,30CA,3856
32D8,30CB,3857
32D9,30CC,3858
32E4,30DA,3866
32E5,30DB,3867
32E6,30DC,3868
32EB,30E1,386D
32EC,30E2,386E
32ED,30E3,386F
32EF,30E5,3871
32F0,30E6,3872
32F1,30E7,3873
32F3,30E9,3875
32F4,30EA,3876
32F5,30EB,3877
32F7,30ED,3879
32F8,30EE,387A
32F9,30EF,387B
3303,30FA,3885
3304,30FB,3886
3305,30FC,3887
3331,3128,4628
3332,3129,4629
3333,312A,462A
3341,3139,4630
3342,313A,4631
3343,313B,4632
3345,313D,4634
3346,313E,4635
3347,313F,4636
345E,3260,46AC
345F,3261,46AD
3460,3262,46AE
346A,326C,46B5
346B,326D,46B6
346C,326E,46B7
346E,3270,46B9
346F,3271,46BA
3470,3272,46BB
0E08,092C,09FB
0E09,092D,09FC
0E0A,092E,09FD
0E0B,092F,09FE
0E0C,0930,09FF
0E1B,093F,0A0E
0E1D,0941,0A10
0E21,0948,0A14
0E24,094B,0A17
0E26,094D,0A19
0E27,094E,0A1A
0E29,0950,0A1C
0E2A,0951,0A1D
0E2B,0952,0A1E
0E2C,0953,0A1F
0E2D,0954,0A20
0E2E,0955,0A21
0E2F,0956,0A22
0E30,0957,0A23
2940,293D,32B4
2A0B,293E,32B5
2A14,2949,32BE
251F,1BB4,2226
2520,1BB5,2227
251E,1BB3,2225
2A51,2986,32FB
2A26,295B,32D1
2A3C,2971,32E6
2A3D,2972,32E7
2564,1BFF,226E
2565,1C00,226F
2566,1C01,2270
2567,1C02,2271
2568,1C03,2272
255B,1BF6,2265
255C,1BF7,2266
255D,1BF8,2267
255E,1BF9,2268
255F,1BFA,2269
2560,1BFB,226A
2561,1BFC,226B
2562,1BFD,226C
2563,1BFE,226D
2A5D,2992,3307
2A65,299A,330F
2A71,29A9,331A
2A79,29B7,3322
2A7A,29B8,3323
2A7B,29B9,3324
2A95,29D3,3334
2A96,29D4,3335
2A97,29D5,3336
2A9D,29DB,333C
2A9F,29DD,333E
2AA0,29DE,333F
2AA1,29DF,3340
2AA7,29E5,3346
2AA8,29E6,3347
2AA9,29E7,3348
0273,0186,01A4
2AAC,29EA,334B
2AAD,29EB,334C
2AAE,29EC,334D
2AB1,29EF,3350
2AB2,29F0,3351
2AB3,29F1,3352
2AB7,29F5,3356
2AB8,29F6,3357
2AB9,29F7,3358
2ABB,29F9,335A
2ABC,29FA,335B
2ABD,29FB,335C
2AC0,29FE,335F
2AC1,29FF,3360
2AC2,2A00,3361
2AC5,2A03,3364
2AC6,2A04,3365
2AC7,2A05,3366
36AE,434D,35F5
36AF,434E,35F6
36B0,434F,35F7
2CD0,2BED,360C
2CD2,2BEF,360D
2CD3,2BF0,360E
36C2,4361,3618
36C3,4362,3619
36C4,4363,361A
36C6,4365,361C
36C7,4366,361D
36C8,4367,361E
36CB,436A,3621
36CC,436B,3622
36CD,436C,3623
36D0,436F,3626
36D1,4370,3627
36D2,4371,3628
36D9,3D37,3630
36E2,4375,3636
36E3,4376,3637
36E4,4377,3638
257E,3CD7,2288
377B,3CAE,36AF
377C,3CAF,36B0
378A,3CBC,36C0
3764,3C95,3696
3765,3C96,3697
3766,3C97,3698
3767,3C98,3699
3768,3C99,369A
375B,3C8D,368E
375C,3C8E,368F
375D,3C8F,3690
375F,3C90,3691
3760,3C91,3692
379F,3CDD,36D1
257A,3CD3,2284
257B,3CD4,2285
2573,3CCC,227D
2574,3CCD,227E
2575,3CCE,227F
2576,3CCF,2280
2577,3CD0,2281
2578,3CD1,2282
37C6,3D11,36F4
37C7,3D12,36F5
21D6,3CF5,1C72
37B5,3CF6,36E3
37B6,3CF7,36E4
37B7,3CF8,36E5
37B8,3CF9,36E6
37B9,3CFA,36E7
37B2,3CEC,36E0
37B3,3CED,36E1
37B4,3CEE,36E2
21FA,3CEF,1C93
21FB,3CF0,1C94
21FC,3CF1,1C95
37D9,3D25,3710
37DA,3D26,3711
37DB,3D27,3712
37E9,3D2E,3718
37EA,3D2F,3719
37EB,3D30,371A
37EF,3D3D,371E
37F0,3D3E,371F
37F1,3D3F,3720
37F4,3D42,3723
37F5,3D43,3724
37F6,3D44,3725
37F9,3D47,3728
37FA,3D48,3729
37FB,3D49,372A
37FE,3D4C,372D
37FF,3D4D,372E
3800,3D4E,372F
3803,3D51,3732
3804,3D52,3733
3805,3D53,3734
3808,3D56,3737
3809,3D57,3738
380A,3D58,3739
380D,3D5B,373C
380E,3D5C,373D
380F,3D5D,373E
2CC2,2BDF,3CC7
2CC3,2BE0,3CC8
2CC4,2BE1,3CC9
2CE4,2C01,3CD8
2CE5,2C02,3CD9
2CE6,2C03,3CDA
2CEC,2C12,3CE0
2CED,2C13,3CE1
2CEE,2C14,3CE2
2CF1,2C17,3CE4
2CF2,2C18,3CE5
2CF3,2C19,3CE6
2CF7,2C1D,3CE8
2CF8,2C1E,3CE9
2CF9,2C1F,3CEA
2CFB,2C21,3CEC
2CFC,2C22,3CED
2CFD,2C23,3CEE
2D00,2C26,3CF1
2D01,2C27,3CF2
2D02,2C28,3CF3
2D05,2C2B,3CF6
2D06,2C2C,3CF7
2D07,2C2D,3CF8
2D0A,2C30,3CFB
2D0B,2C31,3CFC
2D0C,2C32,3CFD
2D0F,2C35,3D00
2D10,2C36,3D01
2D11,2C37,3D02
2D14,2C3A,3D05
2D15,2C3B,3D06
2D16,2C3C,3D07
2D19,2C3F,3D0A
2D1A,2C40,3D0B
2D1B,2C41,3D0C
2D1E,2C44,3D0F
2D1F,2C45,3D10
2D20,2C46,3D11
2D23,2C49,3D14
2D24,2C4A,3D15
2D25,2C4B,3D16
386E,3B29,3489
386F,3B2A,348A
3870,3B2B,348B
387B,3B44,34A6
387C,3B45,34A7
387D,3B46,34A8
3880,3B49,34AB
3881,3B4A,34AC
3882,3B4B,34AD
3886,3B4F,34B1
3887,3B50,34B2
3888,3B51,34B3
388D,3B58,34BA
388E,3B59,34BB
388F,3B5A,34BC
3858,3B10,346E
38EB,3BFF,3545
38EC,3C00,3546
38ED,3C01,3547
38FC,3C0F,3556
38FD,3C10,3557
38FE,3C11,3558
3903,3C16,355D
3904,3C17,355E
3905,3C18,355F
3909,3C1C,3563
390A,3C1D,3564
390B,3C1E,3565
390F,3C22,3569
3910,3C23,356A
3911,3C24,356B
3914,3C27,356E
3915,3C28,356F
3916,3C29,3570
3919,3C2C,3573
391A,3C2D,3574
391B,3C2E,3575
391E,3C31,3578
391F,3C32,3579
3920,3C33,357A
38D0,3BE4,352A
395F,3D72,3797
3960,3D73,3798
3961,3D74,3799
396B,3D7E,37A7
396C,3D7F,37A8
396D,3D80,37A9
3A04,3EDD,4466
3A05,3EDE,4467
3A06,3EDF,4468
2A8A,29C8,31CA
2A8B,29C9,31CB
2A8C,29CA,31CC
2A8D,29CB,31CD
1A8E,1064,15E3
1A8F,1065,15E4
1A90,1066,15E5
1A9B,1071,15F0
1A9C,1072,15F1
1A9D,1073,15F2
1A9F,1075,15F4
1AA0,1076,15F5
1AA1,1077,15F6
0E10,0934,0A03
0E22,0949,0A15
0E40,0967,0A33
2A0C,293F,32B6
2A15,294A,32BF
2521,1BB6,2228
2A27,295C,32D2
2A3E,2973,32E8
2A42,2977,32EC
256D,1C08,2277
2569,1C04,2273
256A,1C05,2274
256E,1C09,2278
256F,1C0A,2279
2A5E,2993,3308
2A66,299B,3310
1482,0CA2,1150
1483,0CA3,1151
377D,3CB0,36B1
3786,3CB8,36B9
378B,3CBD,36C1
3769,3C9A,369B
376A,3C9B,369C
376B,3C9C,369D
376D,3C9E,369F
28F8,3CA0,36A1
376F,3CA1,36A2
3770,3CA2,36A3
3771,3CA3,36A4
3772,3CA4,36A5
3773,3CA5,36A6
0541,045A,047F
28FD,3CA6,36A7
3774,3CA7,36A8
37A0,3CDE,36D2
257C,3CD5,2286
37C8,3D13,36F6
37D0,3D1C,3707
221F,3D02,1CB8
2220,3D03,1CB9
2221,3D04,1CBA
37BA,3CFB,36E8
37BB,3CFC,36E9
37BC,3CFD,36EA
37BD,3CFE,36EB
37BE,3CFF,36EC
37BF,3D08,36ED
37C0,3D09,36EE
2A0D,2940,32B7
2A0E,2941,32B8
2A0F,2942,32B9
2A16,294B,32C0
2A17,294C,32C1
2A18,294D,32C2
2A28,295D,32D3
2A29,295E,32D4
2A2A,295F,32D5
2A3F,2974,32E9
2A40,2975,32EA
2A41,2976,32EB
2A43,2978,32ED
2A44,2979,32EE
2A45,297A,32EF
2A5F,2994,3309
2A60,2995,330A
2A61,2996,330B
2A67,299C,3311
2A68,299D,3312
2A69,299E,3313
377E,3CB1,36B2
377F,3CB2,36B3
3780,3CB3,36B4
3787,3CB9,36BA
3788,3CBA,36BB
3789,3CBB,36BC
378C,3CBE,36C2
378D,3CBF,36C3
378E,3CC0,36C4
37A1,3CDF,36D3
37A2,3CE0,36D4
37A3,3CE1,36D5
37C9,3D14,36F7
37CA,3D15,36F8
37CB,3D16,36F9
37D1,3D1D,3708
37D2,3D1E,3709
37D3,3D1F,370A
1516,FFFFFFFF,11E4
01B5,FFFFFFFF,00DE
14F7,FFFFFFFF,11C5
1500,FFFFFFFF,11CE
1A55,FFFFFFFF,1222
1504,FFFFFFFF,11D2
1520,FFFFFFFF,11EE
30A2,FFFFFFFF,45DE
30A4,FFFFFFFF,45DF
1A1A,FFFFFFFF,14A8
1A4A,FFFFFFFF,1580
06B2,FFFFFFFF,05F7
06B3,FFFFFFFF,05F8
2251,FFFFFFFF,1CF3
2252,FFFFFFFF,1CF4
2253,FFFFFFFF,1CF5
2254,FFFFFFFF,1CF6
2255,FFFFFFFF,1CF7
2256,FFFFFFFF,1CF8
2257,FFFFFFFF,1CF9
11A7,FFFFFFFF,0E75
2258,FFFFFFFF,1CFA
2259,FFFFFFFF,1CFB
225A,FFFFFFFF,1CFC
225C,FFFFFFFF,1CFE
225D,FFFFFFFF,1CFF
225E,FFFFFFFF,1D00
225F,FFFFFFFF,1D01
204F,FFFFFFFF,1AE2
2050,FFFFFFFF,1AE3
2051,FFFFFFFF,1AE4
2052,FFFFFFFF,1AE5
2053,FFFFFFFF,1AE6
2054,FFFFFFFF,1AE7
2055,FFFFFFFF,1AE8
2056,FFFFFFFF,1AE9
2057,FFFFFFFF,1AEA
2058,FFFFFFFF,1AEB
2059,FFFFFFFF,1AEC
31BD,FFFFFFFF,1EDF
31BE,FFFFFFFF,1EE0
31BF,FFFFFFFF,1EE1
31C0,FFFFFFFF,1EE2
31C1,FFFFFFFF,1EE3
31C2,FFFFFFFF,1EE4
31C3,FFFFFFFF,1EE5
31C4,FFFFFFFF,1EE6
31C5,FFFFFFFF,1EE7
31C6,FFFFFFFF,1EE8
31C7,FFFFFFFF,1EE9
2087,FFFFFFFF,1B1C
2089,FFFFFFFF,1B1E
208A,FFFFFFFF,1B1F
1185,FFFFFFFF,0E51
208C,FFFFFFFF,1B21
208D,FFFFFFFF,1B22
208E,FFFFFFFF,1B23
208F,FFFFFFFF,1B24
2090,FFFFFFFF,1B25
2092,FFFFFFFF,1B27
15A4,FFFFFFFF,1271
15A3,FFFFFFFF,1270
0E5B,FFFFFFFF,0A6A
28BE,FFFFFFFF,42B3
3816,FFFFFFFF,42B4
3817,FFFFFFFF,42B5
3818,FFFFFFFF,42B6
3819,FFFFFFFF,42B7
381A,FFFFFFFF,42B8
381B,FFFFFFFF,42B9
381C,FFFFFFFF,42BA
381D,FFFFFFFF,42BB
381E,FFFFFFFF,42BC
381F,FFFFFFFF,42BD
3820,FFFFFFFF,42BE
30BC,FFFFFFFF,45F5
30BD,FFFFFFFF,45F6
30BE,FFFFFFFF,45F7
30BF,FFFFFFFF,45F8
30C0,FFFFFFFF,45F9
30C2,FFFFFFFF,45FA
30C3,FFFFFFFF,45FB
30C4,FFFFFFFF,45FC
30A6,FFFFFFFF,45E0
30A8,FFFFFFFF,45E1
30A9,FFFFFFFF,45E2
30AA,FFFFFFFF,45E3
30AB,FFFFFFFF,45E4
06B6,FFFFFFFF,05FB
06B7,FFFFFFFF,05FC
06B8,FFFFFFFF,05FD
22EF,FFFFFFFF,1D92
22F0,FFFFFFFF,1D93
22F1,FFFFFFFF,1D94
22F2,FFFFFFFF,1D95
2298,FFFFFFFF,1D3A
2299,FFFFFFFF,1D3B
229A,FFFFFFFF,1D3C
22A0,FFFFFFFF,1D42
2260,FFFFFFFF,1D02
2261,FFFFFFFF,1D03
2262,FFFFFFFF,1D04
2263,FFFFFFFF,1D05
2264,FFFFFFFF,1D06
2265,FFFFFFFF,1D07
2266,FFFFFFFF,1D08
2267,FFFFFFFF,1D09
22F5,FFFFFFFF,1D98
22A2,FFFFFFFF,1D44
226B,FFFFFFFF,1D0D
226C,FFFFFFFF,1D0E
226D,FFFFFFFF,1D0F
226E,FFFFFFFF,1D10
226F,FFFFFFFF,1D11
2270,FFFFFFFF,1D12
2271,FFFFFFFF,1D13
2272,FFFFFFFF,1D14
2273,FFFFFFFF,1D15
2274,FFFFFFFF,1D16
2275,FFFFFFFF,1D17
2276,FFFFFFFF,1D18
2277,FFFFFFFF,1D19
2278,FFFFFFFF,1D1A
2279,FFFFFFFF,1D1B
227A,FFFFFFFF,1D1C
227B,FFFFFFFF,1D1D
227C,FFFFFFFF,1D1E
227D,FFFFFFFF,1D1F
227E,FFFFFFFF,1D20
227F,FFFFFFFF,1D21
2280,FFFFFFFF,1D22
22F6,FFFFFFFF,1D99
22F8,FFFFFFFF,1D9B
22F9,FFFFFFFF,1D9C
22FA,FFFFFFFF,1D9D
22FB,FFFFFFFF,1D9E
2294,FFFFFFFF,1D36
2295,FFFFFFFF,1D37
2296,FFFFFFFF,1D38
2281,FFFFFFFF,1D23
2282,FFFFFFFF,1D24
2283,FFFFFFFF,1D25
2284,FFFFFFFF,1D26
2285,FFFFFFFF,1D27
2286,FFFFFFFF,1D28
2287,FFFFFFFF,1D29
2288,FFFFFFFF,1D2A
2289,FFFFFFFF,1D2B
228B,FFFFFFFF,1D2D
228A,FFFFFFFF,1D2C
22A4,FFFFFFFF,1D46
22A5,FFFFFFFF,1D47
22A6,FFFFFFFF,1D48
22A7,FFFFFFFF,1D49
22A8,FFFFFFFF,1D4A
22A9,FFFFFFFF,1D4B
228D,FFFFFFFF,1D2F
228E,FFFFFFFF,1D30
228F,FFFFFFFF,1D31
2290,FFFFFFFF,1D32
2291,FFFFFFFF,1D33
2292,FFFFFFFF,1D34
207F,FFFFFFFF,1B14
2080,FFFFFFFF,1B15
2081,FFFFFFFF,1B16
2082,FFFFFFFF,1B17
2083,FFFFFFFF,1B18
207C,FFFFFFFF,1B11
207D,FFFFFFFF,1B12
207E,FFFFFFFF,1B13
2062,FFFFFFFF,1AF6
2063,FFFFFFFF,1AF7
2064,FFFFFFFF,1AF8
2065,FFFFFFFF,1AF9
2066,FFFFFFFF,1AFA
2067,FFFFFFFF,1AFB
2068,FFFFFFFF,1AFC
2069,FFFFFFFF,1AFD
206A,FFFFFFFF,1AFE
206B,FFFFFFFF,1AFF
206C,FFFFFFFF,1B00
206D,FFFFFFFF,1B01
0E00,FFFFFFFF,09F3
2086,FFFFFFFF,1B1B
2079,FFFFFFFF,1B0E
0591,FFFFFFFF,04D0
0592,FFFFFFFF,04D1
207A,FFFFFFFF,1B0F
206E,FFFFFFFF,1B02
206F,FFFFFFFF,1B03
2070,FFFFFFFF,1B04
2071,FFFFFFFF,1B05
2072,FFFFFFFF,1B06
2073,FFFFFFFF,1B07
2074,FFFFFFFF,1B08
2075,FFFFFFFF,1B09
2076,FFFFFFFF,1B0A
31DD,FFFFFFFF,1EFF
31DE,FFFFFFFF,1F00
31DF,FFFFFFFF,1F01
31E0,FFFFFFFF,1F02
31E1,FFFFFFFF,1F03
06F6,FFFFFFFF,063B
31E9,FFFFFFFF,1F0B
31EA,FFFFFFFF,1F0C
31C8,FFFFFFFF,1EEA
31C9,FFFFFFFF,1EEB
31CA,FFFFFFFF,1EEC
31CB,FFFFFFFF,1EED
31CC,FFFFFFFF,1EEE
31CD,FFFFFFFF,1EEF
31CE,FFFFFFFF,1EF0
31CF,FFFFFFFF,1EF1
31D0,FFFFFFFF,1EF2
31F4,FFFFFFFF,1F16
06F1,FFFFFFFF,0636
31D6,FFFFFFFF,1EF8
06F2,FFFFFFFF,0637
31D7,FFFFFFFF,1EF9
31D1,FFFFFFFF,1EF3
31D2,FFFFFFFF,1EF4
20AC,FFFFFFFF,1B41
20AD,FFFFFFFF,1B42
20AE,FFFFFFFF,1B43
20AF,FFFFFFFF,1B44
2093,FFFFFFFF,1B28
2094,FFFFFFFF,1B29
2095,FFFFFFFF,1B2A
2096,FFFFFFFF,1B2B
2097,FFFFFFFF,1B2C
2098,FFFFFFFF,1B2D
2099,FFFFFFFF,1B2E
209A,FFFFFFFF,1B2F
209B,FFFFFFFF,1B30
209C,FFFFFFFF,1B31
209D,FFFFFFFF,1B32
209E,FFFFFFFF,1B33
20A7,FFFFFFFF,1B3C
20A8,FFFFFFFF,1B3D
20A9,FFFFFFFF,1B3E
209F,FFFFFFFF,1B34
20A0,FFFFFFFF,1B35
20A1,FFFFFFFF,1B36
20A2,FFFFFFFF,1B37
20A3,FFFFFFFF,1B38
20A4,FFFFFFFF,1B39
20A5,FFFFFFFF,1B3A
268D,FFFFFFFF,233E
268E,FFFFFFFF,233F
268F,FFFFFFFF,2340
2690,FFFFFFFF,2341
2691,FFFFFFFF,2342
2692,FFFFFFFF,2343
2673,FFFFFFFF,2323
2674,FFFFFFFF,2324
2675,FFFFFFFF,2325
2676,FFFFFFFF,2326
2677,FFFFFFFF,2327
2678,FFFFFFFF,2328
0E7E,FFFFFFFF,0A8E
28BF,FFFFFFFF,42CA
28C0,FFFFFFFF,42CB
28C1,FFFFFFFF,42CC
28C2,FFFFFFFF,42CD
28C3,FFFFFFFF,42CE
28C4,FFFFFFFF,42CF
28C5,FFFFFFFF,42D0
28C6,FFFFFFFF,42D1
28C7,FFFFFFFF,42D2
15D7,FFFFFFFF,1321
28C9,FFFFFFFF,42D3
28CB,FFFFFFFF,42D4
28CC,FFFFFFFF,42D5
28CD,FFFFFFFF,42D6
28CE,FFFFFFFF,42D7
28D0,FFFFFFFF,42D8
28D1,FFFFFFFF,42D9
28D2,FFFFFFFF,42DA
28D3,FFFFFFFF,42DB
28D4,FFFFFFFF,42DC
28D5,FFFFFFFF,42DD
382C,FFFFFFFF,43AE
382D,FFFFFFFF,43AF
3821,FFFFFFFF,42BF
3822,FFFFFFFF,42C0
3823,FFFFFFFF,42C1
3824,FFFFFFFF,42C2
3825,FFFFFFFF,42C3
3826,FFFFFFFF,42C4
3827,FFFFFFFF,42C5
3828,FFFFFFFF,42C6
3829,FFFFFFFF,42C7
382A,FFFFFFFF,42C8
382B,FFFFFFFF,42C9
30F2,FFFFFFFF,4617
30F3,FFFFFFFF,4618
30C5,FFFFFFFF,45FD
30D3,FFFFFFFF,4606
30E1,FFFFFFFF,460E
30B5,FFFFFFFF,45EE
30B6,FFFFFFFF,45EF
30B7,FFFFFFFF,45F0
30AC,FFFFFFFF,45E5
30AD,FFFFFFFF,45E6
30AE,FFFFFFFF,45E7
30AF,FFFFFFFF,45E8
30B0,FFFFFFFF,45E9
30B1,FFFFFFFF,45EA
30B2,FFFFFFFF,45EB
22A3,FFFFFFFF,1D45
2297,FFFFFFFF,1D39
22AC,FFFFFFFF,1D4E
22B8,FFFFFFFF,1D5A
22AA,FFFFFFFF,1D4C
22AB,FFFFFFFF,1D4D
207B,FFFFFFFF,1B10
0695,FFFFFFFF,05DA
31EB,FFFFFFFF,1F0D
31EC,FFFFFFFF,1F0E
31ED,FFFFFFFF,1F0F
31EE,FFFFFFFF,1F10
1356,FFFFFFFF,1034
06F4,FFFFFFFF,0639
31F2,FFFFFFFF,1F14
31F3,FFFFFFFF,1F15
06F7,FFFFFFFF,063C
31D8,FFFFFFFF,1EFA
31D9,FFFFFFFF,1EFB
31DA,FFFFFFFF,1EFC
06DF,FFFFFFFF,0624
06F3,FFFFFFFF,0638
06AE,FFFFFFFF,05F3
06E2,FFFFFFFF,0627
26A4,FFFFFFFF,2355
26A5,FFFFFFFF,2356
26A6,FFFFFFFF,2357
26A7,FFFFFFFF,2358
26A3,FFFFFFFF,2354
2680,FFFFFFFF,2331
2681,FFFFFFFF,2332
2682,FFFFFFFF,2333
2683,FFFFFFFF,2334
2684,FFFFFFFF,2335
2685,FFFFFFFF,2336
2686,FFFFFFFF,2337
26A1,FFFFFFFF,2352
26A2,FFFFFFFF,2353
2687,FFFFFFFF,2338
2688,FFFFFFFF,2339
2689,FFFFFFFF,233A
268A,FFFFFFFF,233B
29DB,FFFFFFFF,43AC
29DC,FFFFFFFF,43AD
0700,FFFFFFFF,0645
28D7,FFFFFFFF,42DE
28D8,FFFFFFFF,42DF
28D9,FFFFFFFF,42E0
28DA,FFFFFFFF,42E1
1A4F,FFFFFFFF,1585
292E,FFFFFFFF,4318
1A48,FFFFFFFF,157E
292F,FFFFFFFF,4319
2930,FFFFFFFF,431A
25DD,FFFFFFFF,228A
25DE,FFFFFFFF,228B
25E3,FFFFFFFF,2290
25E4,FFFFFFFF,2291
2958,FFFFFFFF,4333
2959,FFFFFFFF,4334
2964,FFFFFFFF,433A
2978,FFFFFFFF,434E
297D,FFFFFFFF,4353
2982,FFFFFFFF,4358
2987,FFFFFFFF,435D
2988,FFFFFFFF,435E
2989,FFFFFFFF,435F
2996,FFFFFFFF,436C
29A3,FFFFFFFF,4377
29A4,FFFFFFFF,4378
29A5,FFFFFFFF,4379
29B6,FFFFFFFF,438A
29BB,FFFFFFFF,438F
29C0,FFFFFFFF,4394
382E,FFFFFFFF,43B0
30C6,FFFFFFFF,45FE
30D4,FFFFFFFF,4607
30E2,FFFFFFFF,460F
30B9,FFFFFFFF,45F2
30B8,FFFFFFFF,45F1
22DB,FFFFFFFF,1D7E
22DC,FFFFFFFF,1D7F
0698,FFFFFFFF,05DD
06F5,FFFFFFFF,063A
06F8,FFFFFFFF,063D
06F9,FFFFFFFF,063E
31DB,FFFFFFFF,1EFD
31DC,FFFFFFFF,1EFE
06E4,FFFFFFFF,0629
2904,FFFFFFFF,4305
2905,FFFFFFFF,4306
2906,FFFFFFFF,4307
2907,FFFFFFFF,4308
28DC,FFFFFFFF,42E2
28DD,FFFFFFFF,42E3
28E0,FFFFFFFF,42E4
28E1,FFFFFFFF,42E5
28E2,FFFFFFFF,42E6
2939,FFFFFFFF,4323
293A,FFFFFFFF,4324
293B,FFFFFFFF,4325
293C,FFFFFFFF,4326
293D,FFFFFFFF,4327
2931,FFFFFFFF,431B
2932,FFFFFFFF,431C
2933,FFFFFFFF,431D
25E9,FFFFFFFF,2296
295C,FFFFFFFF,4335
295D,FFFFFFFF,4336
2965,FFFFFFFF,433B
2979,FFFFFFFF,434F
297E,FFFFFFFF,4354
2983,FFFFFFFF,4359
298A,FFFFFFFF,4360
298E,FFFFFFFF,4364
2992,FFFFFFFF,4368
2997,FFFFFFFF,436D
29A6,FFFFFFFF,437A
29AE,FFFFFFFF,4382
29B2,FFFFFFFF,4386
29B7,FFFFFFFF,438B
29BC,FFFFFFFF,4390
29C1,FFFFFFFF,4395
30C7,FFFFFFFF,45FF
30C8,FFFFFFFF,4600
30C9,FFFFFFFF,4601
30D5,FFFFFFFF,4608
30D6,FFFFFFFF,4609
30D7,FFFFFFFF,460A
30E3,FFFFFFFF,4610
30E4,FFFFFFFF,4611
30E5,FFFFFFFF,4612
30BA,FFFFFFFF,45F3
30BB,FFFFFFFF,45F4
28EE,FFFFFFFF,42F1
28EF,FFFFFFFF,42F2
28F0,FFFFFFFF,42F3
28F1,FFFFFFFF,42F4
28F2,FFFFFFFF,42F5
28E4,FFFFFFFF,42E7
28E5,FFFFFFFF,42E8
28E6,FFFFFFFF,42E9
28E7,FFFFFFFF,42EA
28EB,FFFFFFFF,42EE
28EC,FFFFFFFF,42EF
2941,FFFFFFFF,4328
2936,FFFFFFFF,4320
2937,FFFFFFFF,4321
2934,FFFFFFFF,431E
2935,FFFFFFFF,431F
25EA,FFFFFFFF,2297
295E,FFFFFFFF,4337
295F,FFFFFFFF,4338
2960,FFFFFFFF,4339
2966,FFFFFFFF,433C
2967,FFFFFFFF,433D
2968,FFFFFFFF,433E
297A,FFFFFFFF,4350
297B,FFFFFFFF,4351
297C,FFFFFFFF,4352
297F,FFFFFFFF,4355
2980,FFFFFFFF,4356
2981,FFFFFFFF,4357
2984,FFFFFFFF,435A
2985,FFFFFFFF,435B
2986,FFFFFFFF,435C
298B,FFFFFFFF,4361
298C,FFFFFFFF,4362
298D,FFFFFFFF,4363
298F,FFFFFFFF,4365
2990,FFFFFFFF,4366
2991,FFFFFFFF,4367
2993,FFFFFFFF,4369
2994,FFFFFFFF,436A
2995,FFFFFFFF,436B
2998,FFFFFFFF,436E
2999,FFFFFFFF,436F
299A,FFFFFFFF,4370
29A7,FFFFFFFF,437B
29A8,FFFFFFFF,437C
29A9,FFFFFFFF,437D
29AF,FFFFFFFF,4383
29B0,FFFFFFFF,4384
29B1,FFFFFFFF,4385
29B3,FFFFFFFF,4387
29B4,FFFFFFFF,4388
29B5,FFFFFFFF,4389
29B8,FFFFFFFF,438C
29B9,FFFFFFFF,438D
29BA,FFFFFFFF,438E
29BD,FFFFFFFF,4391
29BE,FFFFFFFF,4392
29BF,FFFFFFFF,4393
29C2,FFFFFFFF,4396
29C3,FFFFFFFF,4397
29C4,FFFFFFFF,4398
28F7,FFFFFFFF,42FA
28F3,FFFFFFFF,42F6
28F9,FFFFFFFF,42FB
28FA,FFFFFFFF,42FC
28FB,FFFFFFFF,42FD
28FC,FFFFFFFF,42FE
28FE,FFFFFFFF,42FF
2942,FFFFFFFF,4329
2938,FFFFFFFF,4322
28FF,FFFFFFFF,4300
2943,FFFFFFFF,432A
2944,FFFFFFFF,432B
2945,FFFFFFFF,432C
2900,FFFFFFFF,4301
1509,FFFFFFFF,11D7
1A57,FFFFFFFF,158B
14F9,FFFFFFFF,11C7
1A56,FFFFFFFF,158A
4441,FFFFFFFF,1311