12.1.700123 cert_ms30_oct19,1.106708 cert_ms23
01D12834D9DBF303,01D0631BCC791704
2ECF,27C3
4474,2E8A
46D5,3488
4887,3A0E
4C0D,3DDA
4DB4,3F83
503D,41E4
3D84,4455
3AC8,4A08
2ED0,4BD7
5466,4F14
40AA,5247
529E,54E9
56D2,27C4
56D3,27C6
56E5,27D8
1265,1598
56E6,27D9
56E7,27DA
56E8,27DB
56E9,27DC
56EA,27DD
56EB,27DE
56EC,27DF
56ED,27E0
56EE,27E1
56EF,27E2
56F0,27E3
2F1A,27EE
5071,27EF
5077,27F0
56FA,27F1
56FB,27F2
56FC,27F3
5079,27F4
56FD,27F5
56FE,27F6
5700,27F7
5701,27F8
5702,27F9
4475,2E8B
4476,2E8C
4478,2E8E
4479,2E8F
2ED6,2E90
2EDD,2E91
2ED7,2E92
2EDE,2E93
2ED8,2E94
2EDB,2E95
2EDC,2E96
2EE3,2E97
2ED9,2E98
2EDA,2E99
2EE0,2E9A
2F30,2E9B
2EE2,2E9C
2EE1,2E9D
2EE4,2E9E
2F32,2E9F
447A,2EA0
447B,2EA1
447C,2EA2
447D,2EA3
447E,2EA4
447F,2EA5
2EE8,2EA6
2EDF,2EA7
2F33,2EA8
11C9,14FB
11E4,1516
1263,1596
2EEF,284C
00D8,01AF
00D5,01AC
00DB,01B2
1202,1564
1205,1567
11FF,1561
40B5,1A6B
2EF0,2EA9
2EF1,2EAA
2EF2,2EAB
2EF3,2EAC
1203,1565
00DE,01B5
16B0,1B8F
16AF,1B8E
11C5,14F7
1219,157C
11CC,14FE
11F3,1525
121E,1A45
121A,157D
11CE,1500
121B,159E
121C,157E
11C6,14F8
11CD,14FF
1222,1A55
11D2,1504
11DA,150C
11EC,151E
121F,15B1
121D,15B3
1221,15B2
4480,2EAD
4481,2EAE
2F27,2EC3
2F28,2EC4
2F29,2EC5
2F2A,2EC6
2F2B,2EC7
2F2C,2EC8
2F2D,2EC9
2F2E,2ECA
2F2F,2ECB
2F31,2ECC
2F4A,2ECD
4484,2ECE
2F4E,2ECF
4485,2ED0
4486,2ED1
2F51,2ED2
4487,2ED3
4488,2ED4
4489,2ED5
448A,2ED6
448B,2ED7
448C,2ED8
448D,2ED9
448E,2EDA
448F,2EDB
3AEE,2EDC
4483,2EBB
4490,2EDD
4491,2EDE
4492,2EDF
4493,2EE0
4494,2EE1
4495,2EE2
4496,2EE3
2F11,2EAF
3ADE,2EB0
3ADF,2EB1
2F0B,2EB2
3ADD,2EB3
2F07,2EB4
2F08,2EB5
2F09,2EB6
2F12,2EB7
2F13,2EB8
2F14,2EB9
4497,2EE4
4482,2EBA
4498,2EE5
4499,2EE6
449A,2EE7
449B,2EE8
2F26,2EC2
2F1E,2EBE
2F76,2EE9
2F77,2EEA
2F78,2EEB
2F79,2EEC
2F7A,2EED
2F7B,2EEE
2F7C,2EEF
2F7D,2EF0
2F7E,2EF1
2F7F,2EF2
2F80,2EF3
449C,2EF4
449D,2EF5
449E,2EF6
449F,2EF7
44A0,2EF8
44A1,2EF9
44A2,2EFA
44A3,2EFB
44A4,2EFC
46D6,3489
46D7,348A
46D9,348C
46DA,348D
40B2,348E
46DB,348F
46DC,3490
46DD,3491
40B0,3492
40B1,3493
46DE,3494
3AD1,3495
46DF,3496
46E0,3497
0113,01E6
0112,01E5
11ED,151F
11E8,151A
11E7,1519
11EE,1520
11E5,1517
11E6,1518
1204,1566
1223,1A54
46E1,3498
46E2,3499
46E3,349A
46E4,349B
46E5,349C
46E6,349D
46E7,349E
46E8,349F
46E9,34A0
46EA,34A1
46EB,34A2
46EC,34A3
46EF,34AC
46F0,34AD
46F1,34AE
46F2,34AF
46F3,34B0
46F4,34B1
46F5,34B2
46F6,34B3
40D9,34B4
2F66,34B5
46F7,34B6
46F8,34B7
46F9,34B8
2F69,34B9
46FA,34BA
46FB,34BB
46FC,34BC
46FD,34BD
46FE,34BE
46FF,34BF
4700,34C0
3AE0,2EBC
2F0C,34A5
2F10,2EBD
2F06,34A4
2F0E,34C1
37E8,3298
46EE,34A8
2F71,34A9
3D53,34C2
4701,34C3
4702,34C3
3AE1,34A7
4703,34C5
40E9,34C6
2F24,2EC0
2F25,2EC1
4704,34C7
4705,34C8
4706,34C9
4707,34CA
40ED,34CB
4708,34CC
4709,34CD
470A,34CE
470B,34CF
470C,34D0
470D,34D1
4888,3A0F
4889,3A10
488B,3A12
488C,3A13
3AD0,3A14
3ACF,3A15
3ACE,3A16
488D,3A17
010A,01DD
1268,159B
488E,3A18
1207,1569
11D7,1509
158A,1A56
11C7,14F9
488F,3A19
4890,3A1A
48A4,3A2D
48A5,3A2E
48A6,3A2F
48A7,3A30
48A8,3A31
3DC7,3A32
3DC8,3A33
48A9,3A34
48AA,3A35
3DC3,3A36
48AB,3A37
48AC,3A38
48AD,3A39
48AE,3A3A
48AF,3A3B
48B0,3A3C
48B1,3A3D
48B2,3A3E
48B3,3A3F
3DBF,3A40
40CA,3A41
2F57,3A42
48B4,3A43
48B5,3A44
48B6,3A45
3DC0,3A46
48B7,3A47
48B8,3A48
48B9,3A49
48BA,3A4A
48BB,3A4B
48BC,3A4C
48BD,3A4D
48BE,3A4E
48BF,3A4F
48C0,3A50
48C1,3A51
48C2,3A52
48C3,3A53
48C4,3A54
48C5,3A55
48C6,3A56
48C7,3A57
48C8,3A58
48C9,3A59
48CA,3A5A
48CB,3A5B
48CC,3A5C
48CD,3A5D
48CE,3A5E
48CF,3A5F
48D0,3A60
48D1,3A61
48D2,3A62
48D3,3A63
48D4,3A64
48D5,3A65
48D6,3A66
48D7,3A67
48D8,3A68
48D9,3A69
48DA,3A6A
48DB,3A6B
48DC,3A6C
48DD,3A6D
48DE,3A6E
48DF,3A6F
48E0,3A70
48E1,3A71
48E2,3A72
48E3,3A73
48E4,3A74
48E5,3A75
48E6,3A76
48E7,3A77
48E8,3A78
48E9,3A79
48EA,3A7A
48EB,3A7B
48EC,3A7C
48ED,3A7D
48EE,3A7E
48EF,3A7F
48F0,3A80
48F1,3A81
48F2,3A82
48F3,3A83
48F4,3A84
48F5,3A85
48F6,3A86
48F7,3A87
48F8,3A88
48F9,3A89
48FA,3A8A
48FB,3A8B
48FC,3A8C
48FD,3A8D
48FE,3A8E
48FF,3A8F
4900,3A91
4901,3A92
3AEF,3A93
4902,3A94
4903,3A95
4904,3A96
4905,3A97
4906,3A98
4907,3A99
4908,3A9A
4909,3A9B
490A,3A9C
490B,3A9D
3AE3,3A9E
490C,3A9F
490D,3AA0
490E,3AA1
490F,3AA2
4910,3AA3
4911,3AA4
4912,3AA5
4913,3AA6
4914,3AA7
4915,3AA8
4916,3AA9
4917,3AAA
4918,3AAB
4919,3AAC
4C0E,3DDB
4C0F,3DDC
4C11,3DDE
0118,01E6
1224,1580
4C12,3DDF
4C1B,3DE7
4C1C,3DE8
4C1D,3DE9
4C1E,3DEA
4C1F,3DEB
4C20,3DEC
4C21,3DED
4C22,3DEE
4C23,3DEF
4C24,3DF0
4C25,3DF1
2F4B,3DF2
3DCE,3DF3
2F4D,3DF4
2F4C,3DF5
3DCF,3DF6
4C26,3DF7
3DCC,3DF8
4C27,3DF9
3DCD,3DFA
4C28,3DFB
2F4F,3DFC
4C29,3DFD
4C2A,3DFE
4C2B,3DFF
4C2C,3E00
4C2D,3E01
4C2E,3E02
4C2F,3E03
4C30,3E04
4C31,3E05
4C32,3E06
4C35,3E09
4C36,3E0A
4C37,3E0B
4C38,3E0C
4C39,3E0D
4C3A,3E0E
4C3B,3E0F
4C3C,3E10
4DB5,3F84
4DB6,3F85
4DB8,3F87
4DB9,3F88
131C,15D2
1452,19C5
13FB,196E
339B,317F
4DC5,3F94
130A,15B5
4DC6,3F95
4DC7,3F96
4DC8,3F97
4DC9,3F98
4DCA,3F99
4DE1,3FAC
4DE2,3FAD
4DE3,3FAE
4DE4,3FAF
4DE5,3FB0
4DE6,3FB1
4DE7,3FB2
4DE8,3FB3
4DE9,3FB4
4DEA,3FB5
4DEB,3FB6
4DEC,3FB7
4DED,3FB8
4DEE,3FB9
3DCA,3FBA
4DEF,3FBB
4DF0,3FBC
4DF1,3FBD
4DF2,3FBE
4DF3,3FBF
4DF4,3FC0
4DF5,3FC1
4DF6,3FC2
4DF7,3FC3
4DF8,3FC4
4DF9,3FC5
4DFA,3FC6
4DFB,3FC7
4DFC,3FC8
4DFD,3FC9
4DFE,3FCA
4DFF,3FCB
4E00,3FCC
4DB3,3F82
4E01,3FCD
4E02,3FCF
4E03,3FD0
4E04,3FD1
4E05,3FD2
4E07,3FD7
4E08,3FD8
4E09,3FD9
4E0A,3FDA
4E0B,3FDB
4E0C,3FDC
4E0D,3FDD
503E,41E5
503F,41E6
5041,41E8
1266,1599
1A1F,1F91
198F,1EFF
5048,41F0
5049,41F1
504A,41F2
504B,41F3
504C,41F4
504D,41F5
504E,41F6
504F,41F7
5050,41F8
5051,41F9
5052,41FA
4895,3A1F
4DD1,3FA0
4894,3A1E
4DD6,3FA5
5053,41FB
4DCF,3F9E
5054,41FC
4DCE,3F9D
489E,3A28
4DD7,3FA6
5055,41FD
4FDB,417E
3AE6,41FE
5056,41FF
5057,4200
2F60,4201
2F5B,4202
40D0,4203
40CE,4204
5058,4205
5059,4206
505A,4207
3AE7,4208
505B,4209
505C,420A
505D,420B
505E,420C
40C9,420D
505F,420E
5060,420F
3AE9,4210
5061,4211
5062,4212
40D2,4213
5063,4214
5064,4215
5065,4216
5066,4217
5067,4218
5068,4219
5069,421A
506A,421B
506B,421C
503B,41E2
503C,41E3
5078,4227
507A,4228
507B,4229
507C,422A
507D,422B
3D85,4456
3D86,45DB
3D88,45DD
3D89,4608
3D8A,461D
3D8B,4628
3D8C,4632
3D8D,463D
3D8E,4643
3D8F,4662
3D90,4686
3D91,469F
3D92,46A4
3D93,46AD
3D94,46BE
3D95,46C7
3D96,46CF
3D97,46D0
3D98,4703
11FE,4711
3D99,476D
3D9A,477A
3D9B,4791
3D9C,479E
3D9D,47A1
3D9E,47A4
3D9F,47A7
3DA0,47AA
3DA1,47AD
3DA2,47B1
3AE2,47BA
3DA3,47CD
3DA4,47E5
3DA5,47F2
2F16,481A
2F19,4849
3DA6,484E
3DA7,4853
2F72,4865
2F18,486D
2F1F,4885
3DA8,4897
3DA9,4899
3DAA,489E
3DAB,48A0
3DAC,48A5
3DAD,48A6
3DAE,48A8
3DAF,48AD
1AC0,202E
1757,1C50
3DB0,48AF
3DB1,48B1
3DB2,48B3
3DB3,48B4
3DB4,48B6
3DB5,48B7
2F48,48B9
3DB6,48BA
2F49,48BC
3DB7,48BD
3DB8,48BF
3DB9,48C1
3DBA,48C3
3DBB,48C4
3DBC,48C6
3DBD,48C7
3DBE,48C9
3DC1,48D1
3DC2,48D3
3DC4,48D7
3DC5,48D9
3DC6,48DB
3DC9,48E1
3DCB,48E6
3DD0,45C3
3DD1,45C4
3DD2,45C7
3DD3,45C8
3DD4,48EF
3DD5,490E
3DD6,4918
3DD7,4923
3DD8,492F
3DD9,4934
3DDA,493D
3DDB,4950
3DDC,495D
3DDD,499F
3DDE,49A0
3DDF,49A1
2F82,49BA
3DE0,49CA
3DE1,49E4
2F81,49F2
3DE2,4A00
3DE3,4A01
3DE4,4A02
3DE5,4A03
3DE6,4A07
3AC9,4A09
3ACA,4B0D
3ACC,4B0F
3ACD,4B4D
3AD2,4B81
3AD3,4B85
3AD4,4B88
3AD5,4B8B
3AD6,4B8F
3AD7,4B92
3AD8,4B95
3AD9,4B98
3ADA,4B9B
3ADB,4B9E
3ADC,4BA1
3AE4,4BA3
3AE5,4BAA
3AE8,4BBB
3AEA,4BBF
3AEB,4BC5
3AEC,4B0A
3AED,4B0C
3AF0,4BCD
3AF1,4BCE
3AF2,4BCF
3AF3,4BD1
3AF4,4BD2
3AF5,4BD6
2ED1,4BD8
2ED2,4CD2
2ED4,4CD4
2ED5,4CD6
2EE5,4D16
2EE6,4D20
2EE7,4D44
2EE9,4D46
2EEA,4D4F
2EEB,4D54
2EEC,4D59
2EED,4D6A
2EEE,4D78
158B,1A57
2EF4,4D7D
2EF5,4D8C
2EF6,4D9A
2EF7,4DA6
2EF8,4DA7
2EF9,4DAD
2EFA,4DBA
2EFB,4DC2
2EFC,4DCA
2EFD,4DCD
2EFE,4DD0
2EFF,4DD4
2F00,4DD7
2F01,4DDB
2F02,4DDE
2F03,4DE2
2F04,4DE6
2F05,4DE9
1311,4441
2F0A,4DED
2F0D,4DEF
2F0F,4DF8
2F15,4DFA
2F17,4DFC
2F1B,4E08
2F1C,4E10
2F1D,4E20
2F20,4E2B
2F21,4E41
2F22,4E46
2F23,4E58
2F34,4E70
2F35,4E76
2F36,4E78
2F37,4E79
2F38,4E7C
2F39,4E7D
2F3A,4E7F
2F3B,4E80
2F3C,4E82
2F3D,4E84
2F3E,4E86
2F3F,4E88
2F40,4E8A
2F41,4E8C
2F42,4E8E
2F43,4E90
2F44,4E92
2F45,4E94
2F46,4E95
2F47,4E97
2F50,4E9F
2F52,4EA1
2F53,4EA2
2F54,4EA3
2F55,4EA5
2F56,4EA7
2F58,4EA9
2F59,4EAF
2F5A,4EB4
2F5C,4EBB
2F5D,4EBD
2F5E,4EC2
2F5F,4EC7
2F61,4ECD
2F62,4ECE
2F63,4ECF
2F64,4ED1
2F65,4ED6
2F67,4EDA
2F6A,4CB7
2F6B,4CBC
2F6C,4CBD
2F6D,4CBF
2F6E,4EDC
2F6F,4EE3
2F70,4EF0
2F73,4EF5
2F74,4F04
2F75,4F09
2F83,4F0E
2F84,4F0F
2F85,4F10
5467,4F15
5468,50A3
546A,50A5
546B,50A6
546C,50E0
4DC3,50E9
4DC4,50EE
4DBF,50F3
4DC1,50F8
4DC0,50FD
546D,5102
546E,510D
546F,511C
5470,512B
5471,5138
5472,513B
5473,513F
5474,5142
5475,5145
5476,5148
5477,514B
5478,514E
5479,5150
547A,5153
547B,5156
547C,5159
547D,515C
547E,515F
547F,5162
46ED,5166
5480,517A
5481,5189
5482,518E
5483,5199
5484,519B
40CB,519D
5485,51A1
40CD,51A5
5486,51A7
40CC,51AB
5487,51AD
5488,51AF
5489,51B2
548A,51B6
548B,51BA
548C,51C0
548D,51C4
548E,5076
548F,5079
5490,507C
5491,507D
5492,507E
5493,5081
5494,5082
5495,5084
5496,51C7
5497,51EA
5498,51FD
5499,5210
549A,521A
549B,5225
549C,522A
549D,522F
549E,5230
549F,523E
54A0,523F
54A1,5240
54A2,5241
54A3,5242
54A4,5246
40AB,5248
40AC,52FE
40AE,5300
40AF,5301
40B3,5324
40B4,532B
40B6,535B
40B7,535F
40B8,536A
40B9,536B
40BA,536C
40BB,536F
40BC,5372
40BD,5375
40BE,5378
40BF,537A
40C0,537D
1264,5380
40C1,541C
40C2,5427
40C3,5441
40C4,544A
40C5,5452
40C6,5460
3320,2A76
40C7,546B
40C8,5479
40CF,5482
40D1,5484
40D3,5488
40D4,548A
40D5,548C
40D6,548F
40D7,5491
40D8,5493
40DA,52D7
40DB,52DF
40DC,52E0
40DD,52E3
40DE,52E4
40DF,52E7
40E0,52E8
40E1,52EB
40E2,5495
40E3,54A2
40E4,54AB
40E5,54C2
40E6,54C7
40E7,54CC
40E8,54D1
40EA,54D6
40EB,54D7
40EC,54DC
40EE,54E0
40EF,54E1
40F0,54E2
40F1,54E3
40F2,54E4
40F3,54E8
529F,54EA
52A0,5597
52A2,5599
4DC2,55A8
52A3,55AA
52A4,55E6
4DBA,55EE
52A5,55F0
52A6,55FB
52A7,5600
52A8,5605
52A9,560A
52AA,560F
52AB,5614
52AC,5619
52AD,561E
52AE,5623
52AF,5628
52B0,5699
52B1,56C5
52B2,56CF
52B3,56D2
52B4,56D5
52B5,56D8
52B6,56DA
52B7,56DB
52B8,56DE
52B9,56E1
52BA,56E4
52BB,56E7
52BC,5583
52BD,5589
52BE,56EC
52BF,56F5
52C0,56FF
52C1,5709
52C2,5713
52C3,571D
52C4,571E
52C5,5720
52C6,5721
52C7,5725
5721,2832
3C7C,2C9D
326B,2C9E
359B,2C9F
3C7D,2B03
3C7E,2B04
3C7F,2B05
3C80,2B06
3C81,2B07
3C82,2B08
3C83,2B09
3C84,2B0A
158C,1A58
3C85,2CA0
3C86,2CA1
3192,2850
3279,2CA2
5801,2D39
5802,2D3A
5803,2D3B
5816,2D55
5817,2D56
581D,2D5C
5820,2D5F
5823,2D62
5826,2D65
5829,2D68
582A,2D69
582B,2D6A
583B,2D7F
583C,2D80
5842,2D86
5843,2D87
5849,2D8D
584A,2D8E
584C,2D90
584D,2D91
391D,2E21
391E,2E22
524C,2E49
57C2,2C13
3A9D,2E57
527F,2E58
5280,2E59
527E,2E5B
5853,2E70
5854,2E71
35AA,2E72
575B,2B7E
5863,2E87
44EC,2F45
44ED,2F46
44EE,2F47
44EF,2F48
457C,3016
3106,302E
235B,26AA
458E,303F
45A3,3051
45AB,3059
45BB,3069
45CB,3079
45CC,307A
45CD,307B
45D8,3086
3748,308C
3386,287A
222C,2525
3749,308D
130C,15B7
3387,287B
374A,308E
11DC,150E
45DE,30A2
378B,30A3
45DF,30A4
14A8,1A1A
1580,1A4A
3193,30A5
3185,30F6
3186,30F7
3187,30F8
3188,30F9
3189,30FA
318A,30FB
318B,30FC
318C,30FD
318D,30FE
318E,30FF
3194,3103
3385,2879
1C35,2199
130B,15B6
3388,287C
042C,04EE
042D,04EF
0162,0231
042E,04F0
042F,04F1
0430,04F2
0268,0335
0269,0336
015C,022B
026A,0337
026B,0338
026C,0339
048D,054F
048E,0550
048F,0551
0490,0552
0491,0553
13FA,196D
1337,18AA
1338,18AB
13FC,196F
13FD,1970
1478,19EB
131B,15D1
1479,19EC
147A,19ED
13C1,1934
13C2,1935
133B,18AE
15C5,1A6D
015E,022D
4220,1A6E
15C7,1A6F
05FA,06B5
339A,317E
339C,3180
33BF,319F
33C0,31A0
13ED,1960
13EF,1962
33CC,31AC
33CD,31AD
33CE,31AE
33CF,31AF
33D6,31B6
33D7,31B7
166D,1B51
33D8,31B8
1430,19A3
131D,15D3
1431,19A4
05F7,06B2
05F8,06B3
05F9,06B4
16D1,1BB0
16BE,1B9D
16BD,1B9C
1CF3,2251
1CF4,2252
1CF5,2253
1CF6,2254
1CF7,2255
1CF8,2256
1CF9,2257
193A,1E45
16A6,1B85
16A7,1B86
0E75,11A7
1CFA,2258
1CFB,2259
1CFC,225A
1CFD,225B
1CFE,225C
1CFF,225D
1940,1E4B
18B9,1DBF
1941,1E4C
1D00,225E
1D01,225F
1879,1D81
16A2,1B81
187A,1D82
16A8,1B87
16A9,1B88
187B,1D83
187C,1D84
0C09,0F71
187D,1D85
187E,1D86
187F,1D87
1880,1D88
1881,1D89
16B3,1B92
14B1,1A20
18AC,1DB2
18AD,1DB3
18AE,1DB4
18AF,1DB5
18B0,1DB6
18B1,1DB7
0D0B,106C
18B2,1DB8
18B3,1DB9
18B4,1DBA
18B5,1DBB
18B6,1DBC
18B7,1DBD
18B8,1DBE
1937,1E41
14BC,1E42
1938,1E43
1939,1E44
0DC6,1109
193B,1E46
193C,1E47
193D,1E48
193E,1E49
193F,1E4A
1985,1EF5
1986,1EF6
1987,1EF7
1988,1EF8
1989,1EF9
198A,1EFA
198B,1EFB
198C,1EFC
198D,1EFD
198E,1EFE
1990,1F00
1991,1F01
1992,1F02
16F4,1BD2
1993,1F03
19D3,1F46
19D4,1F47
19D5,1F48
19D6,1F49
19D7,1F4A
19D8,1F4B
19D9,1F4C
19DA,1F4D
0D73,10C8
19DB,1F4E
19DC,1F4F
19DD,1F50
19DE,1F51
19DF,1F52
19E0,1F53
1AE2,204F
1AE3,2050
1AE4,2051
1AE5,2052
1AE6,2053
1AE7,2054
1AE8,2055
1AE9,2056
1AEA,2057
1AEB,2058
1AEC,2059
1DA0,22FD
1DA1,242F
1DA2,2430
1DA3,2431
1DA4,2432
1DA5,2433
1DA6,2434
1DA7,2435
1DA8,2436
1DA9,2437
1DAA,2438
1DAB,2300
1DAC,2301
1DAD,2302
1DAE,2439
1220,157F
1DAF,22FE
1B4D,20B8
1B1D,2088
1B4E,20B9
1B20,208B
0E24,115F
1B4F,20BA
1B50,20BB
1B51,20BC
1B52,20BD
1B53,20BE
1B26,2091
1B54,20BF
1B7B,20E6
1B7C,20E7
1B7D,20E8
1B7E,20E9
1B7F,20EA
1B80,20EB
1B81,20EC
1B82,20ED
1B83,20EE
1B84,20EF
1B85,20F0
1B86,20F1
1807,1D11
1808,1D12
1809,1D13
180A,1D14
180B,1D15
16AA,1B89
16AB,1B8A
180C,1D16
180D,1D17
180E,1D18
180F,1D19
1317,15CD
1810,1D1A
1811,1D1B
1EDF,31BD
1EE0,31BE
1EE1,31BF
1EE2,31C0
1EE3,31C1
1EE4,31C2
1EE5,31C3
1EE6,31C4
1A1A,1F8C
1EE7,31C5
1EE8,31C6
1EE9,31C7
1C3C,21A0
1B1C,2087
1B1E,2089
1B1F,208A
0E51,1185
1B21,208C
1B22,208D
1B23,208E
1B24,208F
1B25,2090
1B27,2092
1EBA,31F5
1EBB,31F6
1EBC,31F7
1EBD,31F8
1EBE,31F9
1EBF,31FA
1EC0,31FB
1EC1,31FC
1EC2,31FD
16A1,1B80
16A3,1B82
16A4,1B83
16A5,1B84
0B75,0EE1
16AC,1B8B
16AD,1B8C
16AE,1B8D
16B1,1B90
16B2,1B91
1A16,1F88
1A17,1F89
1A18,1F8A
1A19,1F8B
1A1B,1F8D
1A1C,1F8E
1A1D,1F8F
1A1E,1F90
1A20,1F92
1A21,1F93
1A22,1F94
178B,1C96
178C,1C97
178D,1C98
178E,1C99
178F,1C9A
1790,1C9B
1791,1C9C
1792,1C9D
1793,1C9E
1794,1C9F
1795,1CA0
1313,15C9
1796,1CA1
1797,1CA2
1E34,24A1
1E35,24A2
1E36,24A3
1E37,24A4
1E38,24A5
1E39,24A6
1E3A,24A7
1E3B,24A8
1E3C,24A9
1E3D,24AA
1E3E,24AB
1E3F,24AC
1E40,24AD
1E41,24AE
1E42,24AF
342A,3219
4619,321A
461B,3222
39DF,33B2
126F,15A2
39E7,33BB
1271,15A4
1270,15A3
39EF,33C3
456C,3006
456D,3007
456E,3008
456F,3009
4570,300A
4571,300B
4572,300C
4573,300D
4574,300E
4640,33CE
4641,33CF
4642,33D0
464A,33DB
464B,33DC
464C,33DD
39A9,33DE
4653,33E6
3C23,3351
3C24,3352
4657,33EB
4658,33EC
4659,33ED
465A,33EE
4666,33FA
4667,33FB
4668,33FC
4673,3407
4678,340C
467C,3410
467F,3413
4682,3416
3830,324D
3831,324E
3D3D,3267
3D46,3273
37C5,3274
37F5,3283
37F6,3284
37F7,3285
3D3C,3292
37B2,32A5
37C4,32B4
37C6,327D
37D9,32BF
37DA,32C0
37DB,32C1
3847,32C8
3848,32C9
3849,32CA
387C,32FA
387D,32FB
387E,32FC
3896,3314
3897,3315
3898,3316
4685,3419
461D,3323
461E,3324
4689,341D
468F,3423
4699,342D
469C,3430
39C3,3399
39C4,339A
39C5,339B
3977,3386
3978,3387
3A7D,3433
3A81,3437
3A84,343A
3A87,343D
3A8A,3440
3A8D,3443
3A90,3446
3A93,3449
3A96,344C
3A99,344F
469F,3452
46A0,3453
46BE,3472
46C7,347B
46C8,347C
46D1,3485
4734,34FB
4735,34FC
4736,34FD
4737,34FE
4738,34FF
4739,3500
473A,3501
473B,3502
473C,3503
473D,3504
473E,3505
47B8,35B9
4212,35F9
47EF,360C
47FC,3619
47FD,361A
4202,3625
420E,3631
4808,3635
3C72,3636
4809,3640
480A,3641
0A4E,0E5B
07DE,0C0C
07DF,0E5C
012A,01F9
07E6,0C14
07E7,0C15
07E8,0C16
07EA,0C18
07EB,0C19
07EC,0C1A
07ED,0C1B
07EE,0C1C
07EF,0C1D
07F0,0E5F
07F1,0E60
07DD,0C0B
07E0,0C0E
07E1,0C0F
07E2,0C10
07E3,0C11
07E4,0C12
07E5,0C13
07E9,0C17
326A,29DD
326C,3642
326D,29DE
326E,29DF
326F,29E0
3270,3643
3271,3644
3272,3645
3273,3646
3275,3647
3276,3648
3277,3649
3278,2A03
327A,364A
327B,364B
3599,3656
359A,3657
359C,3658
359D,3659
359E,365A
359F,365B
35A0,2B82
35A1,2B7F
35A2,2B80
35A3,2B81
35A4,365C
35A5,365D
35A6,365E
35A7,365F
35A8,3660
35A9,3661
35AB,3662
1582,1A4C
35AC,3663
344A,3664
3651,371F
3652,3720
3653,3721
3654,3722
3655,3723
3656,3724
3657,3725
3658,3726
3659,3727
365A,3728
365B,3729
365C,372A
365D,372B
365E,28DB
365F,372C
42B3,28BE
42B4,3816
42B5,3817
42B6,3818
42B7,3819
42B8,381A
42B9,381B
42BA,381C
42BB,381D
42BC,381E
42BD,381F
42BE,3820
343B,382F
343C,3830
343D,3831
343E,3832
343F,3833
3440,3834
3441,3835
3442,3836
3443,3837
3444,36A9
3445,3838
3446,3839
3447,383A
1581,1A4B
3448,383B
3449,383C
34FB,38A2
34FC,2CF0
34FD,38A3
34FE,38A4
34FF,38A5
3500,38A6
3501,38A7
3502,38A8
3503,38A9
3504,38AA
3505,38AB
1589,1A53
3506,38AC
3507,38AD
1450,19C3
1451,19C4
1453,19C6
1BF3,2157
1BF4,2158
1BF5,2159
0F89,12A3
0F8A,12A4
1BF6,215A
1314,15CA
1BF7,215B
1BF8,215C
480B,393B
480D,393D
480F,393F
4811,3941
4813,3943
4815,3945
4818,3948
481A,394A
481C,394C
481E,394E
4820,3950
4822,3952
479D,359C
479E,359D
479F,359E
47A0,359F
47A1,35A0
47A2,35A1
47A3,35A2
47A4,35A3
484A,39C1
39A8,39C2
4850,39C9
4851,39CA
4854,2BAA
3D47,3374
3803,3973
3804,3974
3822,3378
0197,0266
3823,3379
378A,3954
378C,3955
3819,39CD
0157,0226
37EA,329A
4833,398C
3A48,3991
3D54,39D1
486A,39D5
3D4B,3988
486E,39E1
4453,39E5
39D9,33AC
4872,39EC
487A,39F4
487F,39F9
445E,39FC
4882,3A0B
498D,3B20
498E,3B21
498F,3B22
4990,3B23
4991,3B24
4992,3B25
4993,3B26
4994,3B27
4ABC,3C4E
3C6D,3C5E
3C63,3C6C
3C45,3C81
4AD1,3C8B
102D,1348
0A4F,1349
4AD9,3C93
4ADA,3C94
4B0D,3CC8
4B0E,3CC9
4B0F,3CCA
15C6,1B04
1DE6,244F
1DE7,2450
1DE8,2451
1DE9,2452
1DEA,2453
1DEB,2454
1DEC,2455
1DED,2456
1DEE,2457
1DEF,2458
1DF0,2459
1DF1,245A
1DF2,245B
1DF3,245C
3761,3224
3762,3225
3763,3226
3764,3227
3765,3228
3766,3229
3767,322A
3768,322B
3769,322C
376A,322D
376B,322E
1C71,21D5
1C72,21D6
1C73,21D7
1C74,21D8
1C75,21D9
1C76,21DA
1C77,21DB
1C78,21DC
1C79,21DD
1C7A,21DE
1319,15CF
1C7B,21DF
4B1B,3CD6
4B1C,3CD7
4B27,3CE2
4AAC,3C3B
4AAD,3C3C
4AAE,3C3D
4AAF,3C3E
4AB0,3C3F
4AB1,3C40
3D7B,3D7A
4BC3,3D81
4BC8,3D87
4BC9,3D88
4BCF,3D8E
4BD2,3D91
4BD5,3D94
4BD8,3D97
4BDB,3D9A
4BDE,3D9D
4BDF,3D9E
4BE3,3DA2
4BE6,3DA5
3D4F,3DA9
4BEA,3DB8
4BED,3DBB
4BF0,3DBE
4BF3,3DC1
4BF6,3DC4
4BF9,3DC7
4BFC,3DCA
4BFD,3DCB
4C08,3DD7
4C81,3E54
4C82,3E55
4D38,3F01
1902,1E0B
1903,1E0C
1904,1E0D
1905,1E0E
0C8F,0FF3
1906,1E0F
1907,1E10
1908,1E11
1909,1E12
190A,1E13
190B,1E14
190C,1E15
4D5D,3F27
4D2B,3EF4
4D2C,3EF5
4D2D,3EF6
4D2E,3EF7
4D2F,3EF8
4D30,3EF9
4D31,3EFA
4D32,3EFB
4D33,3EFC
4D34,3EFD
4D35,3EFE
4D87,3F56
4D88,3F57
4D89,3F58
4D8A,3F59
4DA5,3F74
4DA7,3F76
4DAF,3F7F
4E48,4017
4E49,4018
4E4A,4019
4E4B,401A
4E4C,401B
4E4D,401C
4E4E,401D
4E4F,401E
4E50,401F
4E51,4020
4E52,4021
4EE4,40CE
13C3,1936
13C4,1937
1383,18F6
13C5,1938
13C6,1939
13C7,193A
13C8,193B
1454,19C7
1455,19C8
1456,19C9
1457,19CA
1458,19CB
1459,19CC
13FE,1971
13FF,1972
1400,1973
339D,3181
339E,3182
339F,3183
33A0,3184
33A1,3185
4F8C,4141
1C34,2198
1C36,219A
1C37,219B
1C38,219C
1C39,219D
1C3A,219E
1C3B,219F
4F94,2B48
4F95,4149
4F96,414A
4F97,414B
4F98,414C
4F99,414D
4F9A,414E
4FAE,4155
4FAF,4156
4FB0,4157
4FCA,4171
4FCC,4173
4FCE,4175
4ED1,40B9
4ED2,40BA
4ED3,40BB
4ED4,40BC
4ED5,40BD
500D,41B7
500E,41B8
500F,41B9
5027,41D1
5028,41D2
5029,41D3
5036,41DF
412D,425C
50AA,425D
50AB,425E
511E,42E6
5177,4338
1A4F,1FBE
19A4,1F18
51DD,4396
51E6,439F
51EF,43A8
51F8,43B1
51F9,43B2
51FD,43B6
5200,43B9
5203,43BC
5205,43BE
5207,43C0
5209,43C2
3829,337F
4B3C,3CF8
4FDF,4182
4B3B,3CF7
4FE4,4187
520B,43C4
4FDD,4180
520C,43C5
4FDA,417D
4B5B,3D13
4FE5,4188
4B5E,3D16
5293,443A
5294,443B
5297,443E
2FCD,45CD
3E2C,45D0
3E2D,45D3
3E2E,45D6
3E2F,45D9
3ECF,45DE
3EED,4609
3EFF,461E
3F05,4629
3F0D,4633
3F17,463E
3F1C,4644
3F37,4663
3F3B,4687
3F3F,46A0
3F40,46A5
3F48,46AE
3F54,46BF
3F55,46C5
3F5C,46C8
3F63,46D1
3F6C,4704
3F6D,470E
3F6E,4710
1336,4712
1339,471E
133A,476B
3F79,476E
3F7A,4778
3F85,477B
3F86,478F
3F87,4790
3F9B,4792
3FA7,479F
3FA9,47A2
3FAB,47A5
3FAD,47A8
3FAF,47AB
3FB1,47AE
3FB2,47B2
3FBA,47CE
3FD1,47E6
3FD2,47ED
3FD3,47EE
3FDD,47F3
38C8,481B
3915,484A
3FDE,484F
3FE2,4854
3A54,4860
3A55,4861
3A53,4866
3900,486E
3901,487F
3902,4881
398B,4886
3EC2,45C5
3EC3,45C6
3EC4,45C9
3EC5,45CA
3EC6,45CB
3EC7,45CC
4003,48F0
4004,490A
4005,490B
4006,490C
401E,490F
401F,4913
4020,4914
4027,4919
4028,491E
4029,491F
4031,4924
4032,492A
4033,492B
403C,4930
4040,4935
4041,4939
333B,2A9C
4048,493E
405A,4951
405B,495B
4060,495E
4064,49A2
4065,49B7
3AAB,49BB
407B,49CB
4094,49E5
3A9C,49F3
40A1,4A04
3BEC,4B10
3D25,4B82
3D28,4B86
3D2A,4B89
3D2C,4B8C
3D2F,4B90
3D31,4B93
3D33,4B96
3D35,4B99
3D37,4B9C
3D39,4B9F
3D3B,4BA2
3D62,4BA4
3D66,4BAB
3BEB,4B0B
3D80,4BD3
2FC6,4CC1
2FC7,4CC3
2FC8,4CC4
2FC9,4CC7
2FCA,4CC9
2FCB,4CCC
2FCC,4CCF
30BD,4CD7
30BE,4D14
3117,4D17
3120,4D21
3143,4D45
314F,4D47
315B,4D50
315F,4D55
3163,4D5A
3173,4D6B
018E,4D77
3181,4D79
33DD,4D7E
33DE,4D8B
33E8,4D8D
33E9,4D99
33F5,4D9B
3400,4DA8
3405,4DAE
3406,4DB9
340E,4DBB
3415,4DC3
341C,4DCB
341E,4DCE
3420,4DD1
3423,4DD5
3425,4DD8
3428,4DDC
342B,4DDF
3433,4DE3
3436,4DE7
3438,4DEA
37E2,4DEE
380C,4DF0
381D,4DF9
38A5,4DFB
38F6,4DFD
3950,4E09
3958,4E11
396A,4E21
398F,4E2C
3990,4E3C
3991,4E3E
39A2,4E42
39A6,4E47
39A7,4E53
39B7,4E59
01BD,4E65
01BB,4E66
30A9,4CB8
30AA,4CB9
30AB,4CBA
30AC,4CBB
30AD,4CBE
30AE,4CC0
3A32,4EDD
3A38,4EE4
3A44,4EF1
3A67,4EF6
3A75,4F05
3A79,4F0A
3ABA,4F11
54E9,5086
4129,5089
52EF,508A
54EA,508D
54EB,5090
54EC,5092
54ED,5094
54EE,5096
54EF,5097
54F0,5099
54F1,509B
54F2,509D
54F3,50A0
55BC,50A7
55E6,50E1
4F84,50EA
4F88,50EF
4F77,50F4
4F7F,50F9
4F7B,50FE
55EE,5103
55F8,510E
55F9,511A
5605,511D
5613,512C
5614,5137
561E,5139
5620,513C
5623,5140
5625,5143
5627,5146
5629,5149
562B,514C
562D,514F
562E,5151
5630,5154
5632,5157
5634,515A
5636,515D
5638,5160
563A,5163
4824,5167
563D,517B
5649,518A
564D,518F
55A9,5077
55AA,5078
55AB,507A
55AC,507B
55AD,507F
55AE,5080
55AF,5083
55B0,5085
5661,51C8
5662,51E9
567F,51EB
5680,51F8
016F,51F9
5690,51FE
5691,5208
5692,520E
569F,5211
56A6,521B
56B0,5226
56B4,522B
56B8,5231
56C2,5243
4128,52EC
412A,52EE
412B,52F0
412C,52F2
412E,52F6
412F,52F8
4130,52F9
4131,52FC
41E0,5302
421A,5325
4224,535C
4227,5360
4231,536D
4233,5370
4235,5373
4237,5376
4239,5379
423A,537B
423C,537E
423E,5381
423F,53E8
4240,53E9
4241,53FF
4242,5404
4243,5409
4244,5414
4245,5419
4246,541A
4247,541B
43B1,541D
43BB,5428
43BC,543D
43D4,5442
43D5,5446
43DC,544B
43E3,5453
43E4,545A
43E5,545F
43F0,5461
43F1,5465
43F2,546A
3321,2A77
31B5,2A78
013E,020D
43FA,546C
41C8,52D8
41C9,52D9
41CA,52DA
41CB,52DB
41CC,52DC
41CD,52DD
41CE,52DE
41CF,52E1
41D0,52E2
41D1,52E5
41D2,52E6
41D3,52E9
41D4,52EA
441A,5496
4426,54A3
4427,54A7
442E,54AC
4443,54C3
4447,54C8
444B,54CD
444F,54D2
4457,54D8
445B,54DD
4470,54E5
52EB,558C
52EC,558F
52ED,5590
52EE,5591
5366,559A
4F83,55A9
5371,55AB
5372,55D4
5373,55E1
5374,55E3
5375,55E4
5376,55E5
537F,55E7
5380,55ED
4F06,55EF
5386,55F1
538D,55FC
5391,5601
5395,5606
5399,560B
539D,5610
53A1,5615
53A5,561A
53A9,561F
53AD,5624
53B1,5629
53B2,5684
53B3,5688
53B4,568C
53B5,568E
53B6,5690
53B7,5698
5418,569A
5419,569F
22F3,56C6
542B,56D0
542D,56D3
542F,56D6
5431,56D9
5359,5584
535A,5585
535B,5586
535C,5587
535D,5588
535E,558A
535F,558B
5435,56ED
543D,56F6
543E,56FD
5446,5700
544F,570A
5450,5711
5451,5712
5458,5714
5462,5722
5722,2833
3CB6,2CB0
3CB7,2CB1
3CB8,2CB2
3CB9,2CB3
3CBA,2CB4
3296,29EF
3CBB,2CB5
31A8,28C8
3CBC,2CB6
3CBD,2CB7
329A,29F2
3CBE,2CB8
31B0,2881
3CBF,2CB9
3CC0,2CBA
3CC1,2CBB
3CC2,2CBC
3CC3,2CBD
3CC4,2CBE
3253,2869
3255,286A
34F8,2CCD
0120,01EF
0381,0443
360B,2CCE
34F6,2CCF
360F,2CD4
34F9,2CD5
3610,2CD6
3257,286D
3259,286E
325A,286F
325B,2870
3597,2CD7
34FA,2CD8
3598,2CD9
325F,2CDA
3611,2CDB
3C87,2B0B
3C88,2B0C
3C89,2B0D
3C8A,2B0E
3C8B,2B0F
3C8C,2B10
3C8D,2B11
3C8E,2B12
3C8F,2B13
3C90,2B14
3C91,2B15
3C92,2B16
3C93,2B17
3C94,2B18
3C95,2B19
3C96,2B1A
3C97,2B1B
3C98,2B1C
3C99,2B1D
3C9A,2B1E
3C9B,2B1F
1E6E,2B20
3C9C,2B21
3C9D,2B25
3C9E,2B26
3C9F,2B27
3CA0,2852
3CA1,2CA3
3CA2,2CA4
3CA3,2CA5
2224,251D
1318,15CE
3CA4,2854
3CA5,2CA6
3383,2D33
3384,2D34
0A00,0E0D
031A,03DC
0545,0600
0467,0529
3266,2D35
5807,2D40
5808,2D41
5804,2D3C
5805,2D3D
5806,2D3E
581B,2D5A
581C,2D5B
5818,2D57
5819,2D58
581A,2D59
581E,2D5D
581F,2D5E
5821,2D60
5822,2D61
5824,2D63
5825,2D64
5827,2D66
5828,2D67
582F,2D6E
5830,2D6F
582C,2D6B
582D,2D6C
582E,2D6D
5840,2D84
5841,2D85
583D,2D81
583E,2D82
583F,2D83
5847,2D8B
5848,2D8C
5844,2D88
5845,2D89
5846,2D8A
584B,2D8F
584F,2D93
3920,2E24
3921,2E25
3922,2E26
3923,2E27
391F,2E23
524D,2E4A
524E,2E4B
524F,2E4C
57C3,2C14
5778,2BC0
5779,2BC1
1031,134D
57C4,2C18
5281,2E5A
5282,2E5C
5283,2E5D
5284,2E5E
5285,2E5F
5286,2E60
5856,2E75
5857,2E76
5858,2E77
5859,2E78
585A,2E79
0A70,0E61
5855,2E73
35C1,2E74
575C,2B88
56D0,0011
4575,300F
4577,3011
4579,3013
457B,3015
457D,3017
3107,302F
3108,3030
3109,3031
235C,26AB
235D,26AC
235E,26AD
458F,3040
4590,3041
45A4,3052
45AC,305A
45AD,305B
45BC,306A
45BD,306B
45CF,307D
1528,1D34
01D1,029F
45CE,307C
45D9,3087
374C,3090
374D,3091
374E,3092
374F,3093
15D4,1A7F
3750,3094
3751,3095
338F,2885
14C1,1E75
14C2,1E76
1142,1474
18E0,1DE7
14C4,1BE2
1CBB,2222
2240,2539
1D50,22AE
1D51,22AF
1D52,22B0
1D53,22B1
1D54,22B2
1D55,22B3
1D56,22B4
1D57,22B5
1D58,22B6
1D59,22B7
1D5B,22B9
1D5C,22BA
1D5D,22BB
1D5E,22BC
1D5F,22BD
1D60,22BE
1D61,22BF
1D62,22C0
1D63,22C1
1D64,22C2
1D65,22C3
1D66,22C4
14DF,1E92
14E0,1E93
14E1,1E94
1E8E,24EE
1D67,22C5
1D68,22C6
1D69,22C7
1D6A,22C8
1D6C,22C9
2241,253A
1D6D,22CA
1D6E,22CB
1E8F,24EF
1E90,24F0
1E91,24F1
1E92,24F2
1E93,24F3
1D6F,22CC
1D70,22CD
1D71,22CE
1D72,22CF
1D73,22D0
1D74,22D1
1E94,24F4
1D75,22D2
1D76,22D3
1D77,22D4
1D78,22D5
1E95,24F5
1E96,24F6
1E97,24F7
1D79,22D6
1D7A,22D7
14FE,1EB0
14FF,1EB1
1500,1EB2
1D7B,22D8
1D7C,22D9
1D7D,22DA
1571,1A3A
374B,308F
222D,2526
2260,2556
222F,2528
2230,2529
222A,2523
222B,2524
222E,2527
45F5,30BC
45F6,30BD
45F7,30BE
45F8,30BF
1687,1B6B
45F9,30C0
33B2,30C1
45FA,30C2
45FB,30C3
45FC,30C4
45E0,30A6
3457,30A7
03FE,04BE
45E1,30A8
45E2,30A9
45E3,30AA
45E4,30AB
3264,30F4
3265,30F5
31A1,3110
31A2,3111
31A3,3112
31A4,3113
31A5,3114
31A6,3115
31A7,3116
31A9,3117
31AA,2883
31AB,3118
31AC,3119
31AD,28CF
31AE,311A
31AF,29FA
31B1,311B
31B2,311C
3252,2CF5
3254,286B
3256,286C
3258,317A
325C,317B
325D,317C
325E,317D
110A,143C
110B,143D
1109,143B
3195,3104
3196,3105
3197,3106
3198,3107
3199,3108
319A,3109
319B,310A
319C,310B
319D,310C
319E,310D
3389,287D
338A,287E
338B,287F
338C,2880
338D,2882
338E,2884
1C53,21B7
1C54,21B8
1C55,21B9
1395,1908
1396,1909
1397,190A
1398,190B
1399,190C
139A,190D
1505,1BD9
1507,1BDA
1508,1BDB
16FB,1BDC
04E0,05A1
16FC,1BDD
1509,1BDE
16FD,1BDF
16FE,1BE0
16FF,1BE1
150B,1BE3
150C,1BE4
114C,147E
1700,1BE5
150D,1BE6
1701,1BE7
1A71,1FE0
1C56,21BA
1A73,1FE2
1A74,1FE3
1A75,1FE4
1A76,1FE5
1A77,1FE6
1A78,1FE7
1A79,1FE8
1A7A,1FE9
1A7B,1FEA
1A7C,1FEB
1A7E,1FED
1A7F,1FEE
1A80,1FEF
1A81,1FF0
1A82,1FF1
1A84,1FF3
1A85,1FF4
1A87,1FF6
1A88,1FF7
1A89,1FF8
1A8A,1FF9
1A8B,1FFA
1A8C,1FFB
1A8D,1FFC
1A8E,1FFD
1A8F,1FFE
1A90,1FFF
1A91,2000
1A92,2001
1A93,2002
1A94,2003
1C57,21BB
1A95,2004
1A96,2005
1A97,2006
1A98,2007
1C58,21BC
1A99,2008
1A9A,2009
1A9B,200A
1A9C,200B
1A9D,200C
1A9E,200D
1A9F,200E
1AA0,200F
1AA1,2010
1AA2,2011
1AA3,2012
1AA4,2013
1AA5,2014
1AA6,2015
1AA7,2016
1AA8,2017
1AA9,2018
1AAA,2019
1AAB,201A
1AAC,201B
1AAD,201C
1C59,21BD
1C5A,21BE
1AAF,201D
1506,1C29
150A,1C2A
2229,2522
0431,04F3
0432,04F4
0433,04F5
0434,04F6
0443,0505
0444,0506
0445,0507
0446,0508
0447,0509
02C4,0387
02C5,0388
02C6,0389
02C7,038A
02C8,038B
02C9,038C
02CA,038D
02CB,038E
02CC,038F
02D4,0396
02CF,0391
02D0,0392
02D1,0393
02D2,0394
02D3,0395
02D5,0397
02CE,0390
0448,050A
02D6,0398
0449,050B
044A,050C
02DB,039D
02DC,039E
02DD,039F
02DE,03A0
02DF,03A1
02E0,03A2
02E1,03A3
03F9,04BB
044B,050D
044C,050E
03FA,04BC
044D,050F
044E,0510
01CF,029D
031B,03DD
01D2,02A0
044F,0511
01D3,02A1
0450,0512
0451,0513
0452,0514
026D,033A
026E,033B
026F,033C
0270,033D
02C0,0383
02C1,0384
02C2,0385
02C3,0386
011F,01EE
02D7,0399
02D8,039A
02D9,039B
02DA,039C
0149,0218
01D0,029E
03FF,04BF
0400,04C0
0401,04C1
01D5,02A3
0402,04C2
0403,04C3
0404,04C4
0492,0554
0493,0555
0494,0556
0495,0557
04A0,0562
04A1,0563
04A2,0564
04A3,0565
04A4,0566
04B4,0575
04B5,0576
04B6,0577
04B7,0578
04B8,0579
017B,024A
04C0,0581
04C1,0582
04C2,0583
04C3,0584
04C4,0585
04C5,0586
04C6,0587
1429,199C
142A,199D
142B,199E
1394,1907
139B,190E
139C,190F
139D,1910
139E,1911
139F,1912
13A0,1913
13A1,1914
13A2,1915
13A3,1916
13A4,1917
13A5,1918
13A6,1919
13A7,191A
13A8,191B
13A9,191C
13AA,191D
13C0,1933
14A1,1A14
14A2,1A15
14A3,1A16
147B,19EE
147C,19EF
147D,19F0
147E,19F1
147F,19F2
1480,19F3
1481,19F4
1482,19F5
1483,19F6
13E5,1958
13E6,1959
13E7,195A
1615,1AC0
1616,1AC1
1617,1AC2
15C8,1A70
15CA,1A71
4221,1A72
15C9,1A73
33BC,319C
33BD,319D
33BE,319E
33C3,31A3
33C4,31A4
33C5,31A5
33C1,31A1
13F2,1965
33D2,31B2
33D3,31B3
33D4,31B4
33D0,31B0
33D1,31B1
33D9,31B9
33DA,31BA
33DB,31BB
0537,05F2
166E,1B52
166F,1B53
1670,1B54
144C,19BF
144D,19C0
144E,19C1
1432,19A5
1433,19A6
1434,19A7
1435,19A8
1436,19A9
05FB,06B6
05FC,06B7
05FD,06B8
0609,06C4
060A,06C5
01CE,029C
060B,06C6
060C,06C7
060D,06C8
16D2,1BB1
16D3,1BB2
16D4,1BB3
16CF,1BAE
16D0,1BAF
015A,0229
16BF,1B9E
16C0,1B9F
16C1,1BA0
1D92,22EF
1D93,22F0
1D94,22F1
1D95,22F2
1D3A,2298
1D3B,2299
1D3C,229A
01A0,026F
1504,1EB6
1D42,22A0
14EE,1EA0
1143,1475
1144,1476
1145,1477
1D02,2260
1D03,2261
1D04,2262
1D05,2263
1D06,2264
1D07,2265
1D08,2266
1D09,2267
1D98,22F5
17C4,1CCF
1D44,22A2
0A13,0E20
0A3F,0E4C
1D0D,226B
1D0E,226C
1D0F,226D
1D10,226E
1D11,226F
1D12,2270
1D13,2271
1D14,2272
1D15,2273
1D16,2274
1D17,2275
1D18,2276
1D19,2277
1D1A,2278
1D1B,2279
1D1C,227A
1D1D,227B
1D1E,227C
1D1F,227D
1D20,227E
1D21,227F
1D22,2280
0824,0C51
0804,0C32
0805,0C33
0845,1322
081B,0C48
1D99,22F6
1D9B,22F8
1D9C,22F9
1D9D,22FA
1D9E,22FB
197E,1EEE
0816,0C43
1784,1C8F
177D,1C88
177E,1C89
177F,1C8A
1781,1C8C
1D36,2294
1D37,2295
1D38,2296
1D23,2281
1D24,2282
1D25,2283
1D26,2284
1D27,2285
1D28,2286
1D29,2287
1D2A,2288
1D2B,2289
1D2D,228B
1D2C,228A
1966,1E71
1D46,22A4
1D47,22A5
1D48,22A6
1D49,22A7
1D4A,22A8
1D4B,22A9
1D2F,228D
1D30,228E
1D31,228F
1D32,2290
1D33,2291
1D34,2292
1899,1DA0
189A,1DA1
189B,1DA2
189C,1DA3
189D,1DA4
16F9,1BD7
16FA,1BD8
1702,1BE8
1703,1BE9
1704,1BEA
1705,1BEB
1706,1BEC
1707,1BED
1708,1BEE
1709,1BEF
170A,1BF0
170B,1BF1
170C,1BF2
170D,1BF3
170E,1BF4
170F,1BF5
1710,1BF6
1711,1BF7
1712,1BF8
1713,1BF9
1714,1BFA
1715,1BFB
1716,1BFC
1717,1BFD
1718,1BFE
1719,1BFF
171A,1C00
171B,1C01
171C,1C02
171D,1C03
171E,1C04
171F,1C05
1720,1C06
1721,1C07
1722,1C08
1723,1C09
1724,1C0A
1725,1C0B
1726,1C0C
1727,1C0D
1728,1C0E
1729,1C0F
172A,1C10
172B,1C11
172C,1C12
172D,1C13
172E,1C14
172F,1C15
1730,1C16
1731,1C17
1732,1C18
1733,1C19
1734,1C1A
1735,1C1B
1736,1C1C
1737,1C1D
1738,1C1E
1739,1C1F
173A,1C20
173B,1C21
173C,1C22
173D,1C23
173E,1C24
173F,1C25
1740,1C26
1741,1C27
1743,1C28
1882,1D8A
1883,1D8B
1884,1D8C
1885,1D8D
1886,1D8E
1887,1D8F
1888,1D90
18A3,1DA9
18A4,1DAA
18A5,1DAB
18A6,1DAC
18A7,1DAD
18A8,1DAE
0FF9,1313
1782,1C8D
0819,0C47
1895,1D9C
1896,1D9D
188F,1D96
1890,1D97
1891,1D98
16DE,1BBA
1892,1D99
1893,1D9A
1404,1977
18E9,1DF6
18EA,1DF7
18EB,1DF8
18EC,1DF9
04DD,059E
04DE,059F
18E2,1DE9
18E1,1DE8
0AEA,1DC0
18BA,1DC1
18BB,1DC2
18BC,1DC3
18BD,1DC4
18BE,1DC5
18BF,1DC6
18F6,1DFF
18F7,1E00
18F8,1E01
18F9,1E02
18FA,1E03
18FB,1E04
18FD,1E06
18FF,1E08
18C0,1DC7
18C1,1DC8
18D8,1DDF
18D9,1DE0
18DA,1DE1
18C8,1DCF
18C9,1DD0
18CA,1DD1
18CB,1DD2
18CC,1DD3
18CD,1DD4
18CE,1DD5
18CF,1DD6
18D0,1DD7
18D1,1DD8
18D2,1DD9
18D3,1DDA
18D7,1DDE
196A,1EE2
196B,1EE3
196C,1EE4
196D,1EE5
196E,1EE6
14C3,1E77
14CD,1E80
1979,1EE9
1942,1E4D
1943,1E4E
1944,1E4F
1945,1E50
1946,1E51
1947,1E52
1948,1E53
1949,1E54
194A,1E55
194B,1E56
194C,1E57
194D,1E58
194E,1E59
194F,1E5A
1950,1E5B
1951,1E5C
1952,1E5D
1953,1E5E
1954,1E5F
1955,1E60
197A,1EEA
197B,1EEB
197C,1EEC
1967,1E72
14BE,1A32
1968,1E73
1956,1E61
1957,1E62
1958,1E63
1959,1E64
195A,1E65
195B,1E66
195C,1E67
195D,1E68
195E,1E69
195F,1E6A
1960,1E6B
19CC,1F3F
19CD,1F40
19CE,1F41
19CF,1F42
19D0,1F43
19C1,1F35
19C2,1F36
051D,05DE
0508,05C9
16B4,1B93
16B5,1B94
199C,1F10
199D,1F11
199E,1F12
199F,1F13
19A0,1F14
19A1,1F15
19A2,1F16
19A3,1F17
19BF,1F33
19C0,1F34
19B0,1F24
19B1,1F25
19B2,1F26
19B3,1F27
19B4,1F28
19B5,1F29
19B6,1F2A
19B7,1F2B
1A07,1F79
1A08,1F7A
1A09,1F7B
1A0A,1F7C
1A0B,1F7D
1A04,1F76
1A05,1F77
19CA,1F3D
04ED,05AE
19C9,1F3C
19E1,1F54
19E2,1F55
19E3,1F56
19E4,1F57
19E5,1F58
19E6,1F59
19E7,1F5A
19E8,1F5B
19E9,1F5C
19EA,1F5D
19EB,1F5E
19EC,1F5F
19ED,1F60
19EE,1F61
19EF,1F62
19F0,1F63
19F1,1F64
19F2,1F65
19F3,1F66
19F4,1F67
19F5,1F68
19F6,1F69
19F7,1F6A
19F8,1F6B
19F9,1F6C
1A0D,1F7F
1A0E,1F80
1A0F,1F81
1A10,1F82
1A11,1F83
1A12,1F84
1A13,1F85
1A14,1F86
16F6,1BD4
1A03,1F75
19FA,1F6D
19FB,1F6E
19FC,1F6F
19FD,1F70
19FE,1F71
16DB,1F72
19FF,1BBA
1A00,1F73
1A01,1F72
1B14,207F
1B15,2080
1B16,2081
1B17,2082
1B18,2083
1B11,207C
1B12,207D
1B13,207E
04DF,05A0
04E1,05A2
04E2,05A3
04E3,05A4
04E4,05A5
04E5,05A6
04E6,05A7
04E7,05A8
04E8,05A9
04E9,05AA
04EA,05AB
04EB,05AC
04EC,05AD
04EE,05AF
04EF,05B0
04F0,05B1
04F1,05B2
04F2,05B3
04F3,05B4
04F4,05B5
04F5,05B6
04F6,05B7
04F7,05B8
04F8,05B9
04F9,05BA
0512,05D3
04FA,05BB
04FB,05BC
04FC,05BD
04FD,05BE
04FE,05BF
04FF,05C0
0500,05C1
0501,05C2
0502,05C3
0503,05C4
0504,05C5
0505,05C6
0506,05C7
0507,05C8
0509,05CA
19C6,1F39
050A,05CB
19C7,1F3A
050B,05CC
050C,05CD
050D,05CE
050E,05CF
050F,05D0
0510,05D1
0511,05D2
0513,05D4
0514,05D5
0515,05D6
0516,05D7
0517,05D8
0518,05D9
0519,05DA
051A,05DB
051B,05DC
051C,05DD
1AF6,2062
1AF7,2063
1AF8,2064
1AF9,2065
1AFA,2066
1AFB,2067
1AFC,2068
1AFD,2069
1AFE,206A
1AFF,206B
1B00,206C
1B01,206D
09F3,0E00
1B1B,2086
1B0E,2079
04CF,0590
04D0,0591
04D1,0592
1B0F,207A
1B02,206E
1B03,206F
1B04,2070
1B05,2071
1B06,2072
1B07,2073
1910,1E19
1B08,2074
1B09,2075
1B0A,2076
1DD1,2300
1DD2,231A
1DD3,231B
1DD4,231C
1DD5,231D
1DD6,2441
1DD7,2442
1DB0,243A
1DB1,243B
1DB2,2310
1DB3,243C
0A71,0E62
1DB4,243D
1DB5,243E
1DB6,243F
1DE0,244A
1DE1,244B
1DE2,244C
1DE3,244D
1DE4,244E
0A02,0E0F
0AE5,2311
0AE6,2312
1DCA,2313
1DCB,2314
1DCC,2315
1DCD,2316
1DCE,2317
1DCF,2318
1DD0,2319
1DE5,22FF
1B6E,20D9
1B6F,20DA
1B70,20DB
1B71,20DC
1B47,20B2
1B48,20B3
1B49,20B4
1B4A,20B5
1B4B,20B6
1B55,20C0
1B56,20C1
1B57,20C2
1B58,20C3
1B59,20C4
1B5A,20C5
1B5B,20C6
1B5C,20C7
1B5D,20C8
1B5E,20C9
1B5F,20CA
1B60,20CB
1B61,20CC
1B74,20DF
1B75,20E0
1B76,20E1
1B77,20E2
1B78,20E3
1B79,20E4
1B6D,20D8
1B62,20CD
1B63,20CE
1B64,20CF
1B65,20D0
1B66,20D1
1B67,20D2
1B6A,20D5
1BEA,214E
1BEB,214F
1BEC,2150
1BED,2151
1BEE,2152
1BCA,2131
1BCB,2132
1BCC,2133
1BD1,2136
1B9A,2101
1B9B,2102
1B9C,2103
1B9D,2104
1B9E,2105
1BF1,2155
1BF2,2156
1B9F,2106
1BB7,211E
1BB8,211F
1BB9,2120
1BBA,2121
1BBB,2122
1BBC,2123
1BBD,2124
1BBE,2125
1BBF,2126
1BC0,2127
1BAB,2112
03CF,0491
1BAC,2113
1BAD,2114
1BAE,2115
1BAF,2116
1BB0,2117
1BB1,2118
1BB2,2119
1BB3,211A
1BB6,211D
1871,1D79
1872,1D7A
1873,1D7B
1874,1D7C
1842,1D4B
1843,1D4C
17F6,1D01
1844,1D4D
1856,1D5E
1857,1D5F
1858,1D60
1845,1D4E
1822,1D29
1823,1D2A
1824,1D2B
1825,1D2C
1826,1D2D
1837,1D40
1838,1D41
1839,1D42
183A,1D43
183B,1D44
183C,1D45
1827,1D2E
1828,1D2F
1829,1D30
182A,1D31
182B,1D32
182C,1D33
182D,1D35
182E,1D36
182F,1D37
1830,1D38
1EFF,31DD
1F00,31DE
1F01,31DF
1F02,31E0
1F03,31E1
063B,06F6
1F0B,31E9
1F0C,31EA
1EEA,31C8
0626,06E1
1EEB,31C9
1EEC,31CA
1EED,31CB
1EEE,31CC
1EEF,31CD
1EF0,31CE
1EF1,31CF
1EF2,31D0
1F16,31F4
0636,06F1
1EF8,31D6
0637,06F2
1EF9,31D7
1EF3,31D1
1EF4,31D2
1B41,20AC
1B42,20AD
1B43,20AE
1B44,20AF
1B28,2093
1B29,2094
1B2A,2095
1B2B,2096
1B2C,2097
1B2D,2098
1B2E,2099
1B2F,209A
1B30,209B
1B31,209C
1B32,209D
1B33,209E
1B3C,20A7
1B3D,20A8
1B3E,20A9
1B34,209F
1B35,20A0
1B36,20A1
1B37,20A2
1B38,20A3
1B39,20A4
1B3A,20A5
1ED8,3212
1ED9,3213
1EDA,3214
1EDB,3215
1EDE,3218
1EC3,31FE
1EC4,31FF
1ED3,320D
1ED4,320E
1ED5,320F
1ED6,3210
176F,1C7B
1770,1C7C
1771,1C7D
1772,1C7E
1773,1C7F
16B6,1B95
16B7,1B96
16B8,1B97
16B9,1B98
16BA,1B99
16BB,1B9A
16BC,1B9B
1785,1C90
1787,1C92
1788,1C93
1789,1C94
178A,1C95
16F5,1BD3
16F7,1BD5
16D5,1BB4
16D6,1BB5
16D7,1BB6
16D8,1BB7
16D9,1BB8
16DA,1BB9
16DC,1BBB
16DD,1BBC
16DF,1BBD
1ACE,203C
1ACF,203D
1AD0,203E
1AD1,203F
1AD2,2040
1A6E,1FDD
1A6F,1FDE
1A70,1FDF
1A72,1FE1
1A7D,1FEC
1A83,1FF2
1A86,1FF5
1A4A,1FB9
1A4B,1FBA
1A4C,1FBB
1A4D,1FBC
1A4E,1FBD
1ADD,204A
1ADE,204B
1AE1,204E
1A68,1FD7
1A69,1FD8
1A5A,1FC9
1A5B,1FCA
1A5C,1FCB
1A5D,1FCC
1A5E,1FCD
1A5F,1FCE
1A60,1FCF
1A61,1FD0
17FC,1D06
17FD,1D07
17FE,1D08
17FF,1D09
1800,1D0A
17F7,1D02
17F8,1D03
17FB,1D05
17A7,1CB1
17A8,1CB2
17A9,1CB3
17AA,1CB4
17AB,1CB5
17AC,1CB6
17AD,1CB7
17AE,1CB8
17AF,1CB9
17B0,1CBA
0AE9,1CBB
17B1,1CBC
17B2,1CBD
17E4,1CEF
17E5,1CF0
17E6,1CF1
17E7,1CF2
17E8,1CF3
17E9,1CF4
17C8,1CD3
17C9,1CD4
17CA,1CD5
17CB,1CD6
17CC,1CD7
17CD,1CD8
17CE,1CD9
17CF,1CDA
17D0,1CDB
17D1,1CDC
1EA2,2502
1EA3,2503
1EA4,2504
1EA5,2505
1EA6,2506
1E43,24B0
1E44,24B1
1E45,24B2
1E46,24B3
037F,0441
1E47,24B4
1E48,24B5
1E49,24B6
1E60,24C8
1E61,24C9
1E62,24CA
1E63,24CB
1E64,24CC
1EAF,250D
1EB0,250E
1EB1,250F
1EB3,2511
1EB4,2512
0830,0C5D
0A80,0E71
1EB6,2514
1E31,249B
1E84,24E4
1E85,24E5
1E65,24CD
1E66,24CE
1E89,24E9
1E8A,24EA
1E8B,24EB
1E8C,24EC
1E67,24CF
1E68,24D0
1E69,24D1
1E6A,24D2
1E6F,24D5
1E70,24D6
1E71,24D7
1E72,24D8
1E73,24D9
1E74,24DA
1E75,24DB
1E76,24DC
342D,321C
342E,321D
461A,321B
33A7,2B66
461C,3223
39E0,33B3
39E1,33B4
39E2,33B5
22FC,264C
019D,026C
22FD,264D
22FE,264E
22FF,264F
2300,2650
2301,2651
2302,2652
39E8,33BC
39E9,33BD
39EA,33BE
233E,268D
233F,268E
2340,268F
2341,2690
2342,2691
2343,2692
2323,2673
2324,2674
2325,2675
2326,2676
2327,2677
2328,2678
2329,2652
4645,33D3
4646,33D4
4643,33D1
4644,33D2
464F,33E2
4650,33E3
4651,33E4
464D,33DF
464E,33E0
39AF,33E1
4654,33E7
4655,33E8
4656,33E9
3C26,3354
3C27,3355
3C28,3356
3C29,3357
3792,3358
3C25,3353
465E,33F2
465F,33F3
465B,33EF
465C,33F0
465D,33F1
466B,33FF
466C,3400
4669,33FD
466A,33FE
4674,3408
4675,3409
4679,340D
467A,340E
467D,3411
467E,3412
4680,3414
4681,3415
4683,3417
4684,3418
3834,3251
3835,3252
3836,3253
3832,324F
3833,3250
3D3E,3268
3D3F,3269
3D40,326A
381E,3275
381F,3276
3820,3277
37D4,327E
37D5,327F
37D6,3280
37F8,3286
37F9,3287
37FA,3288
37FF,328E
3800,328F
37E3,3293
37E4,3294
37E5,3295
37E6,3296
37E7,3297
37B3,32A6
37B4,32A7
37B5,32A8
37C7,32B5
37C8,32B6
37C9,32B7
37DC,32C2
37DD,32C3
37DE,32C4
37DF,32C5
384A,32CB
384B,32CC
384C,32CD
384D,32CE
3869,32E7
387F,32FD
3880,32FE
3881,32FF
3882,3300
333A,2A9B
3893,3311
3899,3317
389A,3318
389B,3319
38A1,331F
38A2,3320
4686,341A
4687,341B
4688,341C
4620,3326
4621,3327
4622,3328
4623,3329
3906,332A
461F,3325
468A,341E
468B,341F
468C,3420
4690,3424
4691,3425
469A,342E
469B,342F
469D,3431
469E,3432
39C8,339E
39C9,339F
39CA,33A0
39C6,339C
39C7,339D
397A,3389
397B,338A
397C,338B
3979,3388
3A7E,3434
3A7F,3435
3A82,3438
3A83,3439
3A85,343B
3A86,343C
3A88,343E
3A89,343F
3A8B,3441
3A8C,3442
3A8E,3444
3A8F,3445
3A91,3447
3A92,3448
3A94,344A
3A95,344B
3A97,344D
3A98,344E
3A9A,3450
3A9B,3451
46A2,3455
46A3,3456
46A4,3457
46A5,3458
46A6,3459
46A1,3454
46BF,3473
46C0,3474
46CA,347E
46CB,347F
46C9,347D
30B3,35A4
30AF,35A6
47A7,35A8
47A9,35AA
47AB,35AC
47AD,35AE
47AF,35B0
47B1,35B2
47B3,35B4
47B5,35B6
47B6,35B7
47B9,35BA
4213,35FA
4214,35FB
4215,35FC
47F0,360D
47F1,360E
47F2,360F
47F3,3610
47F4,3611
47FE,361B
4203,3626
4204,3627
4205,3628
420F,3632
4210,3633
4211,3634
3C73,3637
3C74,3638
3C75,3639
0A50,0E7E
091D,0D2A
091E,0D2B
091F,0D2C
0920,0D2D
0921,0D2E
0931,0D3E
0932,0D3F
0933,0D40
0934,0D41
0935,0D42
0936,0D43
0937,0D44
0938,0D45
0939,0D46
093A,0D47
093B,0D48
093C,0D49
093D,0D4A
0A40,0E4D
0A41,0EDB
0A42,0EDC
0A43,0EDD
0585,0605
0898,0CBD
0790,0CBE
0952,0D5F
0953,0D60
0954,0D61
0955,0D62
0956,0D63
0957,0D64
0958,0D65
0959,0D66
095A,0D67
095B,0D68
095C,0D69
095D,0D6A
095E,0D6B
095F,0D6C
0960,0D6D
0961,0D6E
0962,0D6F
0963,0D70
0964,0D71
0965,0D72
0966,0D73
07F2,0C20
07F3,0C21
07FE,0C2C
07FF,0C2D
0967,0D74
0A34,0E41
328C,29E5
328D,29E6
328E,29E7
328F,29E8
3290,29E9
3291,29EA
3292,29EB
3293,29EC
3294,29ED
3295,29EE
3297,29F0
3298,28CA
3299,29F1
329B,29F3
329C,29F4
329D,29F5
329E,29F6
329F,29F7
32A0,29F8
32A1,29F9
32A2,29FB
32A3,29FC
32A4,29FD
327C,29E1
327D,29E2
327E,29E3
3280,364C
3281,364D
3282,364E
3283,364F
3284,3650
3285,3651
3286,3652
3288,28DF
3289,3653
35DC,3693
35DD,3694
35DE,3695
35DF,3696
35E0,3697
35E1,3698
35E2,3699
35E3,369A
35E4,369B
35E5,369C
35E6,369D
35E7,369E
35E8,369F
35E9,36A0
35EA,36A1
35EB,36A2
32B2,2A09
35EC,36A3
35ED,36A4
35EE,36A5
35EF,36A6
35F0,36A7
35F1,36A8
35AD,3665
35AE,3666
35AF,3667
345C,3668
35B0,2B84
35B1,2B85
35B2,2B86
35B3,2B87
35B4,2B83
35B5,3669
35B6,366A
35B7,366B
35B8,366C
35B9,366D
35BA,366E
35BB,366F
35BC,3670
35BD,3671
35BE,3672
35BF,3673
35C0,3674
35C2,3675
35C3,3676
35C4,3677
35C5,3678
1312,15C8
35C6,3679
2264,255A
366E,373B
366F,373C
3670,373D
3671,373E
3672,373F
3673,3740
3674,3741
3675,3742
3676,3743
3677,3744
3678,3745
3679,3746
367A,3747
367B,3748
367C,3749
367D,374A
367E,374B
367F,374C
3680,374D
3681,374E
3682,374F
3683,3750
3684,3751
3685,3752
3686,3753
3687,3754
3660,372D
3661,372E
3662,372F
3663,3730
3664,3731
3665,3732
3666,3733
3667,3734
3668,3735
3669,3736
366A,3737
366B,3738
366C,3739
366D,373A
3746,3814
3747,3815
42CA,28BF
42CB,28C0
42CC,28C1
42CD,28C2
42CE,28C3
42CF,28C4
42D0,28C5
42D1,28C6
42D2,28C7
1321,15D7
42D3,28C9
42D4,28CB
42D5,28CC
42D6,28CD
42D7,28CE
42D8,28D0
42D9,28D1
42DA,28D2
42DB,28D3
42DC,28D4
42DD,28D5
43AE,382C
43AF,382D
42BF,3821
42C0,3822
42C1,3823
42C2,3824
42C3,3825
42C4,3826
42C5,3827
42C6,3828
42C7,3829
42C8,382A
42C9,382B
346F,3859
3470,385A
3471,385B
3472,385C
3473,385D
3474,385E
3475,385F
3476,3860
3477,3861
3478,3862
3479,3863
347A,3864
347B,3865
34F7,2CD1
344B,383D
344C,383E
344D,383F
344E,3840
344F,3841
3450,3842
3451,3843
3452,3844
3453,3845
3454,3846
3455,3847
3456,3848
3458,3849
3459,384A
345A,36AA
345B,384B
345D,384C
345E,384D
345F,384E
3460,384F
3461,3850
352B,38D1
352C,38D2
352D,38D3
352E,38D4
352F,38D5
3530,38D6
3531,38D7
3532,38D8
1442,19B5
3533,38D9
3534,38DA
3535,38DB
3536,38DC
3537,38DD
3538,38DE
3539,38DF
353A,38E0
3596,2CF4
3508,38AE
3509,38AF
350A,38B0
350B,38B1
350C,38B2
350D,38B3
350E,38B4
350F,38B5
3510,38B6
3511,38B7
3512,38B8
3513,38B9
3514,38BA
3515,38BB
3516,38BC
3517,38BD
3518,38BE
3519,38BF
351A,38C0
351B,38C1
1475,19E8
1476,19E9
1477,19EA
1474,19E7
1C28,218C
1C29,218D
1C2A,218E
1C2B,218F
0FEC,1306
0FED,1307
1C33,2197
1C04,2168
1C05,2169
1C06,216A
1C07,216B
1C08,216C
1C09,216D
1C0A,216E
1BF9,215D
1BFA,215E
1BFB,215F
1BFC,2160
1BFD,2161
1BFE,2162
1BFF,2163
480C,393C
480E,393E
4810,3940
4812,3942
4814,3944
4816,3946
4817,3947
4819,3949
481B,394B
481D,394D
481F,394F
4821,3951
4823,3953
484B,39C4
484C,39C5
484D,39C6
39AE,39C3
4853,39CC
4852,39CB
4855,2BAB
4856,2BAC
4857,2BAD
3D48,3375
3D49,3376
3D4A,3377
3805,3975
3806,3976
3807,3977
016B,023A
380B,3978
016C,023B
3826,337C
3827,337D
3828,337E
3824,337A
3825,337B
378E,3957
378F,3958
3790,3959
3791,395A
378D,3956
381A,39CE
381B,39CF
381C,39D0
37EB,329B
37EC,329C
37ED,329D
4834,398D
4835,398E
4836,398F
4837,3990
3A49,3992
3A4A,3993
3A4B,3994
3D55,39D2
3D56,39D3
3D57,39D4
486B,39D6
486C,39D7
486D,39D8
3D4C,3989
3D4D,398A
3D4E,398B
486F,39E2
4870,39E3
4871,39E4
4454,39E6
4455,39E7
39DA,33AD
39DB,33AE
39DC,33AF
4873,39ED
4874,39EE
487B,39F5
487C,39F6
4880,39FA
4881,39FB
445F,39FD
4460,39FE
4461,39FF
4462,3A00
4463,3A01
30B1,3C41
4AB3,3C44
4AB5,3C46
4AB7,3C48
4ABA,3C4C
4ABD,3C4F
3C6E,3C5F
3C6F,3C60
3C70,3C61
3C71,3C62
3C64,3C6D
3C65,3C6E
3C66,3C6F
3C49,3C70
3C67,3C71
3C46,3C82
3C47,3C83
3C48,3C84
3C4A,3C85
4AD2,3C8C
4AD3,3C8D
0968,0D75
0969,0D76
102E,134A
102F,134B
1030,134C
1032,134E
0A51,134F
0A52,1350
0A53,1351
0A54,1352
0A55,1353
0A56,1354
4ADD,3C97
4ADE,3C98
4ADF,3C99
4AE0,3C9A
4AE1,3C9B
4AE2,3C9C
4AE3,3C9D
4AE4,3C9E
4AE5,3C9F
4AE6,3CA0
4ADB,3C95
4B10,3CCB
4B11,3CCC
4B12,3CCD
4B13,3CCE
4B14,3CCF
4B15,3CD0
1E24,248E
1E25,248F
1E26,2490
1E27,2491
1E28,2492
1E1F,2489
1E20,248A
1E21,248B
1E22,248C
1DF4,245D
1DF5,245E
1DF6,245F
1E29,2493
1E08,2472
1E09,2473
1E0A,2474
1E0B,2475
1E0C,2476
1E0D,2477
1E2B,2495
1E2E,2498
1E1C,2486
1E1D,2487
1E0E,2478
1E0F,2479
1E10,247A
1E11,247B
1E12,247C
1E13,247D
1E14,247E
1E15,247F
3783,3246
3784,3247
3785,3248
3786,3249
156D,1A36
156E,1A37
156F,1A38
377F,3242
376C,322F
376D,3230
376E,3231
376F,3232
3770,3233
3771,3234
3789,324C
0536,05F1
3776,3239
3777,323A
3778,323B
377E,3241
3779,323C
377A,323D
377B,323E
377C,323F
1CCA,2231
1CCB,2232
1CCC,2233
1CB8,221F
1CB9,2220
1CBA,2221
17FA,1D04
1C89,21F0
1C8A,21F1
1C8B,21F2
1C8C,21F3
1C8D,21F4
1C8E,21F5
1C9C,2203
1C9D,2204
1C9E,2205
1C9F,2206
1CA0,2207
1CA1,2208
1CA2,2209
1C8F,21F6
1C90,21F7
1C91,21F8
1C92,21F9
1C93,21FA
1C94,21FB
1C95,21FC
4B1D,3CD8
4B1E,3CD9
4B1F,3CDA
4B20,3CDB
4B28,3CE3
4B29,3CE4
4B2A,3CE5
4B2B,3CE6
3D7C,3D7B
3D7D,3D7C
4BC4,3D82
4BC5,3D83
4BC6,3D84
4BCB,3D8A
4BCC,3D8B
4BCA,3D89
4BD0,3D8F
4BD1,3D90
4BD3,3D92
4BD4,3D93
4BD6,3D95
4BD7,3D96
4BD9,3D98
4BDA,3D99
4BDC,3D9B
4BDD,3D9C
4BE1,3DA0
4BE2,3DA1
4BE0,3D9F
4BE4,3DA3
4BE5,3DA4
4BE7,3DA6
4BE8,3DA7
4BE9,3DA8
3D50,3DAA
3D51,3DAB
3D52,3DAC
4BEB,3DB9
4BEC,3DBA
4BEE,3DBC
4BEF,3DBD
4BF1,3DBF
4BF2,3DC0
4BF4,3DC2
4BF5,3DC3
4BF7,3DC5
4BF8,3DC6
4BFA,3DC8
4BFB,3DC9
4BFE,3DCC
4BFF,3DCD
4C00,3DCE
4C01,3DCF
4D36,3EFF
4D39,3F02
191B,1E25
191C,1E26
191D,1E27
191E,1E28
1918,1E22
1919,1E23
191A,1E24
1931,1E3B
1932,1E3C
1935,1E3F
1915,1E1E
1916,1E1F
190D,1E16
190E,1E17
190F,1E18
1911,1E1A
1912,1E1B
1913,1E1C
1914,1E1D
4D5E,3F28
4D8D,3F5C
4D8E,3F5D
4D8F,3F5E
4D90,3F5F
4D8B,3F5A
4D8C,3F5B
4DA6,3F75
4DA8,3F77
4DA9,3F78
4DAA,3F79
4ED7,40BF
4ED9,40C1
4EDA,40C2
4EDE,40C6
3ECC,40C8
4EE0,40CA
4EE2,40CC
4EE5,40CF
13D2,1945
13D3,1946
13D4,1947
13D5,1948
136B,18DE
13C9,193C
13CA,193D
13CB,193E
13CC,193F
13CD,1940
0A1B,0E28
13CE,1941
1387,18FA
1388,18FB
1389,18FC
13D1,1944
1462,19D5
1463,19D6
1464,19D7
1465,19D8
1466,19D9
1473,19E6
145A,19CD
145B,19CE
145C,19CF
145D,19D0
145E,19D1
145F,19D2
1460,19D3
1461,19D4
1416,1989
1417,198A
1418,198B
1419,198C
141A,198D
1401,1974
1402,1975
1403,1976
1405,1978
1406,1979
1407,197A
1408,197B
1409,197C
1413,1986
1414,1987
1415,1988
33AE,3191
33AF,3192
33B0,3193
33B1,3194
33B3,3195
33A2,3186
33A3,3187
33A4,3188
33A5,3189
33A6,318A
33A8,318B
33A9,318C
33AA,318D
33AB,318E
33AC,318F
33AD,3190
4F8D,4142
4F8E,4143
1C5D,21C1
1C5E,21C2
1C5F,21C3
1C60,21C4
1C61,21C5
1C3D,21A1
1C3E,21A2
1C3F,21A3
1C40,21A4
1C50,21B4
1C51,21B5
1C41,21A5
1C42,21A6
1C43,21A7
1C44,21A8
1C45,21A9
1C46,21AA
1C47,21AB
1C48,21AC
4F9E,2B49
4F9F,2B4A
4FA0,2B4B
4FA1,2B4C
4F9B,414F
0A18,0E25
0319,03DB
03D6,0498
382A,3380
4F9C,4150
4F9D,4151
4FAB,4152
4FAC,4153
4FB3,415A
4FB4,415B
4FB1,4158
4FB2,4159
4FCB,4172
4FCD,4174
4FCF,4176
4FD0,4177
4FD1,4178
5012,41BC
5013,41BD
5014,41BE
5015,41BF
5016,41C0
5010,41BA
5011,41BB
502B,41D5
502C,41D6
502D,41D7
502E,41D8
502F,41D9
502A,41D4
41DA,42E3
41DC,42E5
511F,42E7
5178,4339
5179,433A
517A,433B
517B,433C
517C,433D
517D,433E
517E,433F
517F,4340
5180,4341
5181,4342
5182,4343
1A50,1FBF
19A5,1F19
51DE,4397
51E7,43A0
51F0,43A9
51FB,43B4
51FC,43B5
51FA,43B3
51FE,43B7
51FF,43B8
5201,43BA
5202,43BB
5204,43BD
5206,43BF
5208,43C1
520A,43C3
382B,3381
4B57,3D0F
4B42,3CFE
01D4,02A2
15D8,1A83
4FDC,417F
4B5C,3D14
4FE6,4189
4B70,3D28
4B5F,3D17
4B60,3D18
4B61,3D19
4B62,3D1A
5295,443C
30BB,45CE
3EC8,45D1
3ECA,45D4
3ECE,45DA
3ED0,45DF
3EEE,460A
3EEF,461B
3EF0,461C
3F00,461F
3F01,4627
3F06,462A
3F07,4631
3F0E,4634
3F0F,463C
3F18,463F
3F19,4642
3F1D,4645
3F1E,4660
3F1F,4661
3F38,4664
3F39,4684
3F3A,4685
3F3C,4688
3F3D,469D
3F3E,469E
3144,46A1
3145,46A2
3146,46A3
3F41,46A6
3F42,46AB
3F43,46AC
3F49,46AF
3F4A,46BC
3F4B,46BD
3F57,46C0
3F58,46C4
3F56,46C6
3F5D,46C9
3F5E,46CE
3F64,46D2
3F65,46D8
3F66,46D9
3F70,4705
3F71,470B
3F72,470C
3F73,470D
3F6F,470F
13BD,4713
13BE,471C
13BF,471D
133C,471F
133D,4726
133E,4729
133F,472B
3F7C,476F
3F7D,4775
3F7E,4776
3F7F,4777
3F7B,4779
3F88,477C
3F89,478C
3F8A,478D
3F8B,478E
3F9C,4793
3F9D,4798
3F9E,4799
3FA8,47A0
3FAA,47A3
3FAC,47A6
3FAE,47A9
3FB0,47AC
3FB3,47B3
3FB4,47B8
3FB5,47B9
3FBB,47CF
3FBC,47DD
3FBD,47DE
3FBE,47DF
3FD4,47E7
3FD5,47EB
3FD6,47EC
3FDA,47EF
38A6,47F4
38A7,47FA
38A8,47FB
38A9,47FC
38AA,4802
38AB,4808
38AC,480E
38AD,4814
38C9,481C
38CA,481D
38CB,481E
38CC,481F
38CD,4834
3916,484B
3917,484C
3918,484D
3FDF,4850
3FE0,4851
3FE1,4852
3FE3,4855
3FE4,485E
3FE5,485F
3A64,4862
3A56,4867
3A57,486B
3A58,486C
3903,486F
3904,4878
3905,4879
3907,487A
3911,4880
3912,4882
398C,4887
398D,4895
398E,4896
4008,48F1
4009,4901
400A,4902
400B,4903
4007,490D
4021,4910
4022,4911
4023,4912
4024,4915
402A,491A
402B,491C
402C,491D
402E,4920
4034,4925
4035,4928
4036,4929
4039,492C
403D,4931
403E,4932
403F,4933
4042,4936
4043,4937
4044,4938
4045,493A
4049,493F
404A,4943
404B,4944
404C,4945
405D,4952
405E,495A
405C,495C
4061,495F
4062,4964
4068,49A3
4069,49AE
406A,49AF
406B,49B0
4066,49B8
4067,49B9
3AAC,49BC
3AAD,49C0
3AAE,49C1
3AAF,49C2
407C,49CC
407D,49D0
407E,49D1
407F,49D2
4095,49E6
4096,49E9
4097,49EA
4098,49EB
3A9E,49F4
3A9F,49F8
3AA0,49F9
3AA1,49FA
3BED,4B11
3D26,4B83
3D27,4B84
3D29,4B87
3D2B,4B8A
3D2D,4B8D
3D2E,4B8E
3D30,4B91
3D32,4B94
3D34,4B97
3D36,4B9A
3D38,4B9D
3D3A,4BA0
3D63,4BA5
3D64,4BA8
3D65,4BA9
3D67,4BAC
3D68,4BB5
3D69,4BB6
30B5,4CCA
30B7,4CCD
30B9,4CD0
30C0,4CD8
30BF,4D15
3118,4D18
3119,4D1E
311A,4D1F
3121,4D22
3122,4D42
3150,4D48
3151,4D4D
3152,4D4E
315C,4D51
315D,4D52
315E,4D53
3160,4D56
3161,4D57
3164,4D5B
3165,4D68
3166,4D69
3174,4D6C
3175,4D75
3176,4D76
3182,4D7A
3183,4D7B
3184,4D7C
33DF,4D7F
33E0,4D88
33E1,4D89
33E2,4D8A
33EA,4D8E
33EB,4D96
33EC,4D97
33ED,4D98
33F6,4D9C
33F7,4DA3
33F8,4DA4
33F9,4DA5
3401,4DA9
3402,4DAA
3403,4DAB
3404,4DAC
3407,4DAF
340F,4DBC
3416,4DC4
3417,4DC9
341D,4DCC
341F,4DCF
3421,4DD2
3422,4DD3
3424,4DD6
3426,4DD9
3427,4DDA
3429,4DDD
342C,4DE0
3434,4DE4
3437,4DE8
3439,4DEB
380D,4DF1
380E,4DF6
380F,4DF7
38F7,4DFE
38F8,4E06
38F9,4E07
3951,4E0A
3952,4E0E
3953,4E0F
3959,4E12
395A,4E1E
395B,4E1F
396B,4E22
396C,4E29
396D,4E2A
3995,4E2D
3996,4E3A
3997,4E3B
3992,4E3D
3993,4E3F
3994,4E40
39A3,4E43
39A4,4E44
39A5,4E45
39B0,4E48
39B1,4E51
39B2,4E52
39AA,4E54
39AB,4E55
39AC,4E56
39AD,4E57
39B8,4E5A
39B9,4E62
39BA,4E63
39BB,4E64
01BC,4E67
0138,4E6A
0148,4E6D
3A33,4EDE
3A34,4EE1
3A35,4EE2
3A39,4EE5
3A3A,4EEE
3A3B,4EEF
3A45,4EF2
3A46,4EF3
3A47,4EF4
3A68,4EF7
3A69,4F02
3A6A,4F03
3A76,4F06
3A77,4F07
3A78,4F08
3A7A,4F0B
3A7B,4F0C
3A7C,4F0D
55B1,5087
5364,508B
55B3,508E
55B7,5095
40A8,5098
55B8,509A
41D8,509E
41D6,50A1
55BD,50A8
55E7,50E2
55E8,50E8
4F85,50EB
4F86,50EC
4F87,50ED
4F89,50F0
4F8A,50F1
4F8B,50F2
4F78,50F5
4F79,50F6
4F7A,50F7
4F80,50FA
4F81,50FB
4F82,50FC
4F7C,50FF
4F7D,5100
4F7E,5101
55EF,5104
55F0,5109
55F1,510A
55F2,510C
55FB,510F
55FC,5117
55FD,5118
55FE,5119
55FA,511B
5606,511E
5607,5127
5608,5128
5609,512A
5615,512D
5616,5135
5617,5136
561F,513A
5621,513D
5622,513E
5624,5141
5626,5144
5628,5147
562A,514A
562C,514D
562F,5152
5631,5155
5633,5158
5635,515B
5637,515E
5639,5161
563B,5164
563C,5165
4825,5168
4826,5169
4827,516A
4828,516B
563E,517C
563F,5187
5640,5188
564A,518B
564B,518C
564C,518D
564E,5190
564F,5195
5650,5196
5663,51C9
5664,51E2
5665,51E3
5666,51E4
5681,51EC
5682,51F4
5683,51F5
5684,51F6
568D,51FA
5694,51FF
5695,5206
5696,5207
569B,5209
0159,520A
569C,520B
56A0,5212
56A1,5218
56A2,5219
56A7,521C
56A8,5223
56A9,5224
56B1,5227
56B2,5228
56B3,5229
56B5,522C
56B6,522D
56B7,522E
56B9,5232
56BA,5238
41DD,52FA
41E1,5303
421B,5326
4225,535D
4226,535E
4228,5361
4229,5366
422A,5367
422B,5369
4232,536E
4234,5371
4236,5374
4238,5377
423B,537C
423D,537F
4259,5382
425A,539D
425B,539E
425C,53A1
425D,53A2
425E,53B3
425F,53B9
4260,53BF
4261,53C5
4262,53CC
4263,53D7
4264,53DD
10AC,53EA
10A5,53FC
10A6,53FD
10A8,53FE
4248,5400
4249,5401
424A,5402
424B,5403
424C,5405
424D,5406
424E,5407
424F,5408
4250,540A
4251,540F
4255,5415
4256,5416
4257,5417
4258,5418
43B2,541E
43B3,5425
43B4,5426
43C0,5429
43C1,543B
43C2,543C
43BD,543E
43BE,543F
43BF,5440
43D9,5443
43DA,5444
43DB,5445
43D6,5447
43D7,5448
43D8,5449
43DD,544C
43DE,5450
43DF,5451
43E6,5454
43E7,5458
43E8,5459
43EC,545B
43ED,545C
43F3,5462
43F4,5463
43F5,5464
43F6,5466
43F7,5467
3322,2A79
3323,2A7A
3324,2A7B
31C8,2A88
31C9,2A89
43FB,546D
43FC,5471
43FD,5472
43FE,5473
441B,5497
441C,549E
441D,549F
441E,54A0
4428,54A4
4429,54A5
442A,54A6
442B,54A8
442F,54AD
4430,54BE
4431,54BF
4432,54C0
4444,54C4
4445,54C5
4446,54C6
4448,54C9
4449,54CA
444A,54CB
444C,54CE
444D,54CF
444E,54D0
4450,54D3
4451,54D4
4452,54D5
4458,54D9
4459,54DA
445A,54DB
445C,54DE
445D,54DF
5360,558D
5362,5592
5367,559B
4F07,55AC
537D,55D1
4F08,55D2
537E,55D3
5377,55D5
5378,55D9
5379,55DA
537A,55DC
537B,55DE
5381,55E8
5382,55EB
5383,55EC
5387,55F2
5388,55F9
5389,55FA
538E,55FD
538F,55FE
5390,55FF
5392,5602
5393,5603
5394,5604
5396,5607
5397,5608
5398,5609
539A,560C
539B,560D
539C,560E
539E,5611
539F,5612
53A0,5613
53A2,5616
53A3,5617
53A4,5618
53A6,561B
53A7,561C
53A8,561D
53AA,5620
53AB,5621
53AC,5622
53AE,5625
53AF,5626
53B0,5627
53C7,562A
53C8,567D
53C9,567E
53CA,567F
53CB,5680
53B8,5685
53B9,5686
53BA,5687
53BB,5689
53BC,568A
53BD,568B
53BE,568D
53BF,568F
53C0,5691
53C1,5695
5427,569B
5428,569C
5429,569D
542A,569E
541A,56A0
541B,56BF
22F4,56C7
22F5,56CD
22F6,56CE
542C,56D1
542E,56D4
5430,56D7
5436,56EE
5437,56F3
5438,56F4
5440,56F7
5441,56FC
543F,56FE
5447,5701
5448,5707
5449,5708
5452,570B
5453,570F
5454,5710
5459,5715
545A,571B
545B,571C
3D23,2D31
3D24,2D32
3CC5,2CBF
17BF,1CCA
3315,2A6B
3316,2A6C
228C,25DF
228D,25E0
1C22,2186
31DB,2A6D
228F,25E2
3317,2A6E
103D,1360
228E,25E1
3318,2A6F
2292,25E5
2293,25E6
2294,25E7
3CD4,2CE0
3CD5,2CE1
331D,2A73
3CD6,2CE2
0628,06E3
31CE,294F
31CF,2950
1C20,2184
1C21,2185
31D0,2951
31D1,2952
31D2,2953
31D3,2954
31D4,2955
3CDB,2CE7
3CDC,2CE8
3CDD,2CE9
3CDE,2CEA
3CEF,2CFE
10FE,1430
04BF,0580
0530,135F
3CF4,2D03
3212,2886
31F0,2887
15A9,1ADD
3CF9,2D08
3CFE,2D0D
3D03,2D12
3D08,2D17
3D0D,2D1C
3D12,2D21
02E7,03A9
033D,03FF
0318,03DA
0343,0405
10B2,13E3
112D,145F
0543,05FE
0529,05EA
10B3,13E4
3260,2871
0386,0448
03C9,048B
0383,0445
0387,0449
3261,2872
0950,0D5D
03D5,0497
10BF,13F0
1139,146B
10BE,13EF
10C5,13F6
10CE,13FF
3262,2873
13B5,1928
3263,2CDC
3612,2CDD
3613,2CDE
3614,2CDF
3CAB,2CA8
3CAC,2CA9
3CA6,2CA7
3CAE,2CAB
3CAF,2CAC
3CB0,285A
3CB1,2CAD
3CA7,2856
3CA8,2857
3CA9,2858
3CAA,2859
0A06,0E13
3268,2D37
3269,2D38
3924,2E28
3925,2E29
3926,2E2A
3927,2E2B
3928,2E2C
578E,2BD6
578F,2BD7
5790,2BD8
5791,2BD9
5792,2BDA
5793,2BDB
5794,2BDC
5795,2BDD
5796,2BDE
5797,2BDF
5798,2BE0
5799,2BE1
0AD1,1417
0ABE,2BE2
2332,2681
0979,0D86
0978,0D85
0993,0DA0
0994,0DA1
0971,0D7E
0972,0D7F
0976,0D83
0975,0D82
0974,0D81
0973,0D80
0267,0334
0995,0DA2
0996,0DA3
097E,0D8B
097D,0D8A
09A0,0DAD
09A1,0DAE
09A2,0DAF
0AF0,2BE3
099E,0DAB
099F,0DAC
579A,2BE4
579B,2BE5
579C,2BE6
579D,2BE7
579E,2BE8
579F,2BE9
57A0,2BEA
57A1,2BEB
57A2,2BEC
57A3,2BED
57A4,2BEE
57A5,2BEF
57A6,2BF0
57A7,2BF1
57A8,2BF2
57A9,2BF3
57AA,2BF4
57AB,2BF5
57AC,2BF6
57AD,2BF7
57AE,2BF8
57AF,2BF9
57B0,2BFA
57B1,2BFB
57B2,2BFC
0624,06DF
1033,1355
1034,1356
57C5,2C2F
57C6,2C30
5287,2E61
5288,2E62
585B,2E7A
585C,2E7B
5031,2E7C
362C,2E7D
01D6,02A4
15D6,1A81
0A0F,0E1C
15D9,1A84
052A,05EB
3752,3096
3753,3097
3395,288D
1146,1478
1CBC,2223
032A,03EC
150F,1EB8
1510,1DEB
1511,1DEC
1512,1DED
1564,1EDA
0527,05E8
1522,1C30
1523,1C31
103E,1361
052F,05F0
10FF,135F
10F8,142A
13AC,191F
031C,03DE
1529,1C34
152A,1C33
152B,1EC5
1D80,22DD
0522,05E3
05B0,066B
152D,1C36
053B,05F6
057A,0635
053C,05F7
1D81,22DE
1535,1EC9
05BC,0677
05BD,0678
05BE,0679
05BF,067A
05C0,067B
1536,1C40
0547,0602
1537,1ECA
0549,0604
054A,0605
054B,0606
0B3A,0EDF
0553,060E
0548,0603
1538,1C44
0554,060F
0555,0610
0556,0611
1539,1C45
0569,0624
153F,1ECB
0A4A,0E57
1D84,22E1
051F,05E0
034E,0410
1D85,22E2
035A,041C
0359,041B
035D,041F
1D86,22E3
1563,1ED9
1541,1C4B
154A,1C51
0579,0634
154D,1ED4
154C,1C55
1769,1C72
057C,0637
2242,253B
05D6,0691
1561,1C76
1560,1C75
05CC,0687
154E,1ED5
05A7,0662
05B9,0674
154F,1C5B
1AC9,2037
0587,0642
05C9,0684
0588,0643
0589,0644
1550,1C5D
1AC1,202F
0B37,0EDC
1AB9,2027
1AB8,2026
1EA1,2501
1760,1C5F
1AC4,2032
0593,064E
1552,1ED6
1553,1ED7
0595,0650
0596,0651
0597,0652
1554,1C61
1559,1C68
155A,1C6A
155B,1C69
05CD,0688
039E,0460
04BE,057F
04BA,057B
1D87,22E4
1D88,22E5
03D2,0494
03D4,0496
1D89,22E6
03D7,0499
1D8D,22EA
1D8E,22EB
037C,043E
04B9,057A
057B,0636
0523,05E4
033C,03FE
05B2,066D
05B1,066C
1D8F,22EC
1ACA,2038
1562,1C3F
0586,0641
05BB,0676
05CA,0685
058A,0645
1D90,22ED
03AB,046D
03AC,046E
05B4,066F
1ACB,2039
05AF,066A
05CE,0689
05D3,068E
1D91,22EE
03BE,0480
03EE,04B0
03C0,0482
03A1,0463
036F,0431
1575,1A3E
0384,0446
0385,0447
038A,044C
223C,2535
223D,2536
223E,2537
2231,252A
2232,252B
2233,252C
2234,252D
2235,252E
2236,252F
2237,2530
2238,2531
2239,2532
2243,253C
2244,253D
2245,253E
2246,253F
4617,30F2
4618,30F3
1688,1B6C
136D,18E0
136E,18E1
136F,18E2
1370,18E3
1371,18E4
1372,18E5
1373,18E6
1374,18E7
1375,18E8
1376,18E9
1377,18EA
1378,18EB
0A11,0E1E
45FD,30C5
33B4,30D2
15A5,1AD9
4606,30D3
460E,30E1
45EE,30B5
45EF,30B6
45F0,30B7
45E5,30AC
45E6,30AD
45E7,30AE
45E8,30AF
45E9,30B0
45EA,30B1
45EB,30B2
31B3,311D
31D7,312D
31D8,312E
31D9,312F
31DA,28D6
31DC,295B
31E5,3135
10F3,1425
31EF,293E
31F1,293F
31F2,313E
31F3,313F
3213,314E
321F,3154
10B4,13E5
10B5,13E6
319F,310E
31A0,310F
3390,2888
094F,0D5C
094C,0D59
03BF,0481
1AB0,201E
1C5B,21BF
1C5C,21C0
1AB1,201F
176A,1C73
1AB2,2020
1747,1C2F
176B,1C74
1AB5,2023
1AB6,2024
1AB7,2025
1751,1C41
1752,1C42
1ABA,2028
175E,1C5A
056A,0625
1ABB,2029
1ABC,202A
1ABF,202D
1548,1C4D
1745,1C2C
175D,1C59
175F,1C5C
1761,1C60
0594,064F
1AC5,2033
1AC6,2034
03EC,04AE
03D3,0495
1AC7,2035
03E0,04A2
0946,0D53
1AC8,2036
02E4,03A6
0951,0D5E
03ED,04AF
1ACC,203A
03C8,048A
0388,044A
02E2,03A4
02E3,03A5
02E5,03A7
02E6,03A8
0317,03D9
0327,03E9
0328,03EA
0329,03EB
032B,03ED
033B,03FD
0342,0404
0346,0408
034D,040F
0357,0419
0358,041A
035B,041D
035C,041E
03B9,047B
039D,045F
039F,0461
03A0,0462
03BA,047C
036B,042D
036C,042E
036D,042F
036E,0430
0370,0432
0371,0433
0372,0434
037B,043D
037D,043F
037E,0440
0382,0444
0389,044B
03A2,0464
03A8,046A
03A9,046B
03AA,046C
03BC,047E
03BD,047F
03C7,0489
03D1,0493
03DF,04A1
03E1,04A3
03EF,04B1
03F0,04B2
03F1,04B3
04CD,058E
04CE,058F
04D2,0593
13AB,191E
13AD,1920
13AE,1921
13AF,1922
13B3,1926
13B4,1927
13B6,1929
13B7,192A
13B9,192C
13BA,192D
13BB,192E
13BC,192F
1488,19FB
1489,19FC
148A,19FD
148B,19FE
148C,19FF
148D,1A00
14A0,1A13
1484,19F7
1485,19F8
1486,19F9
1487,19FA
15CC,1A77
15CD,1A78
15CE,1A79
15CF,1A7A
15D0,1A7B
15D1,1A7C
15D2,1A7D
15D3,1A7E
15D5,1A80
4222,1A74
4223,1A75
15CB,1A76
143F,19B2
1440,19B3
1441,19B4
1443,19B6
144B,19BE
1437,19AA
1438,19AB
1439,19AC
143E,19B1
10E0,1411
10E1,1412
156B,1EE1
1D45,22A3
1558,1ED8
1147,1479
1148,147A
1D39,2297
156C,1A35
1D4E,22AC
1D5A,22B8
1D4C,22AA
1D4D,22AB
1744,1C2B
1746,1C2D
1748,1C32
1749,1C35
174A,1C38
174E,1C3C
056B,0626
1753,1C4A
1754,1C4C
1755,1C4E
1756,1C4F
1759,1C54
1765,1C6E
0945,0D52
0521,05E2
176C,1C77
05B5,0670
176D,1C79
176E,1C7A
1897,1D9E
1898,1D9F
16EA,1BC8
16ED,1BCB
18E3,1DEA
18E4,1DEE
18C2,1DC9
18C5,1DCC
18DB,1DE2
18E8,1DF5
1524,1EC1
1969,1E74
05A6,0661
05A8,0663
19CB,1F3E
19B8,1F2C
19BA,1F2E
1A06,1F78
051E,05DF
0539,05F4
053D,05F8
0544,05FF
0571,062C
0573,062E
0576,0631
0577,0632
05AD,0668
05AE,0669
05B3,066E
05BA,0675
05CB,0686
05D5,0690
1B10,207B
05DA,0695
05E0,069B
1B6C,20D7
1BA0,2107
1BC3,212A
1BC1,2128
1BC2,2129
1BE1,2145
1BD5,2139
1BD6,213A
1BE2,2146
1BE3,2147
1BE4,2148
1BE5,2149
1BE6,214A
163D,1B21
1BE7,214B
1BE8,214C
186C,1D74
1BE9,214D
1859,1D61
1841,1D4A
183D,1D46
183E,1D47
183F,1D48
1840,1D49
1642,1B26
1869,1D71
186A,1D72
1643,1B27
186B,1D73
186D,1D75
1F0D,31EB
1F0E,31EC
1F0F,31ED
1F10,31EE
0639,06F4
1F14,31F2
1F15,31F3
063C,06F7
1EFA,31D8
1EFB,31D9
1EFC,31DA
0638,06F3
05F3,06AE
0627,06E2
1ED7,3211
0A01,0E0E
16F8,1BD6
1A6A,1FD9
1ACD,203B
1A63,1FD2
17B3,1CBE
17B4,1CBF
17B5,1CC0
17BE,1CC9
17C0,1CCB
17C1,1CCC
17C2,1CCD
1491,1A04
17C3,1CCE
17F0,1CFB
17F1,1CFC
17F2,1CFD
17EA,1CF5
17EB,1CF6
17EF,1CFA
1E86,24E6
1E87,24E7
1E8D,24ED
1E98,24F8
1E99,24F9
1E9A,24FA
1E9B,24FB
1E9C,24FC
1E9D,24FD
231E,266E
231F,266F
019B,026A
2316,2666
2317,2667
2318,2668
2319,2669
231A,266A
231B,266B
231C,266C
231D,266D
2355,26A4
2356,26A5
2357,26A6
2358,26A7
2354,26A3
2331,2680
2333,2682
2334,2683
2335,2684
2336,2685
2337,2686
2352,26A1
2353,26A2
2338,2687
2339,2688
233A,2689
233B,268A
3C2A,3359
3C2B,335A
37D7,3281
37D8,3282
3801,3290
3802,3291
37E9,3299
37E0,32C6
37E1,32C7
384E,32CF
384F,32D0
3850,32D1
3851,32D2
3852,32D3
3853,32D4
3854,32D5
386A,32E8
386B,32E9
3883,3301
3894,3312
3895,3313
38A3,3321
38A4,3322
4624,332B
4625,332C
4626,332D
46A7,345A
46A8,345B
46A9,345C
46AA,2C01
46BD,3471
47F5,3612
47F6,3613
094E,0D5B
0A48,0EDE
096A,0D77
096B,0D78
0A35,0E42
32A5,29FE
32A7,2A00
32A9,2A02
32AA,284E
32AB,284F
1309,15B4
32CA,2A1F
130D,15B8
32FC,2A52
32FD,2A53
331B,2A72
331C,295A
331E,2A74
332D,2A8E
332E,2A8F
332F,2A90
3330,2A91
3344,2AA5
3349,2AAA
334E,2AAF
3353,2AB4
3354,2AB5
335D,2ABE
3362,2AC3
328A,3654
328B,3655
364F,371D
3650,371E
347F,36AB
35F2,36AC
3615,36BF
3616,36C0
361F,36C9
3624,36CE
3629,36D3
362A,36D4
362B,36D5
362D,36D6
362E,36D7
3631,36DA
34B7,36DB
34B6,36DC
3632,36DD
3634,36E0
2283,2579
35D0,3687
35D1,3688
35C7,367A
35C8,367B
3464,367C
3467,367D
3465,367E
3466,367F
35D3,368A
35D4,368B
35D5,368C
35D6,368D
35D7,368E
35C9,3680
35CA,3681
35CB,3682
35CC,3683
35CD,3684
35CE,3685
3744,3812
3745,3813
3483,3755
3688,3756
3689,3757
368A,3758
1583,1A4D
36C8,3796
157F,1A49
36C9,3797
36CA,3798
36DB,37AD
1584,1A4E
370E,37D7
3716,37E7
371B,37EC
371C,37ED
3721,37F2
3726,37F7
372B,37FC
3730,3801
3735,3806
373A,380B
3693,3761
43AC,29DB
43AD,29DC
0645,0700
42DE,28D7
42DF,28D8
42E0,28D9
42E1,28DA
1585,1A4F
4318,292E
157E,1A48
4319,292F
431A,2930
228A,25DD
228B,25DE
2290,25E3
2291,25E4
4333,2958
4334,2959
433A,2964
434E,2978
4353,297D
4358,2982
435D,2987
435E,2988
435F,2989
436C,2996
4377,29A3
4378,29A4
4379,29A5
438A,29B6
438F,29BB
4394,29C0
43B0,382E
347C,3866
347E,3868
3480,3869
3484,386B
3485,386C
34A9,387E
34AE,3883
34AF,3884
34B4,3889
34B5,388A
34B8,388B
3469,3853
346A,3854
346B,3855
3462,3851
3463,3852
3468,375E
353B,38E1
353C,38E2
353D,38E3
353E,38E4
353F,38E5
3540,38E6
3541,38E7
3542,38E8
3543,38E9
3554,38FA
3559,38FF
355A,3900
1444,19B7
0A12,0E1F
1445,19B8
355B,3901
3560,3906
3561,3907
3566,390C
3567,390D
356C,3912
3571,3917
3576,391C
3523,38C9
3524,38CA
3525,38CB
3526,38CC
351C,38C2
351D,38C3
351E,38C4
351F,38C5
3520,38C6
3521,38C7
3522,38C8
1C16,217A
1C17,217B
1C18,217C
04A5,0567
04A6,0568
04A7,0569
04A8,056A
04A9,056B
04AA,056C
04AB,056D
04AC,056E
04AE,056F
04AF,0570
04B0,0571
04B1,0572
04B2,0573
04B3,0574
1C0B,216F
1C0C,2170
1C0D,2171
1C0E,2172
1C0F,2173
0426,04E8
1C23,2187
1C24,2188
0429,04EB
042A,04EC
10EA,141C
10EB,141D
3793,395B
3794,395C
3795,395D
4464,3A02
3C53,3C63
3C4B,3C72
3C68,3C73
3C4C,3C86
0977,0D84
097A,0D87
097B,0D88
097C,0D89
097F,0D8C
0980,0D8D
0981,0D8E
0982,0D8F
0983,0D90
0984,0D91
0985,0D92
0986,0D93
0987,0D94
0988,0D95
0989,0D96
098A,0D97
098B,0D98
098C,0D99
098D,0D9A
098E,0D9B
098F,0D9C
0990,0D9D
0991,0D9E
0992,0D9F
0997,0DA4
0998,0DA5
0999,0DA6
099A,0DA7
099B,0DA8
099C,0DA9
099D,0DAA
09A3,0DB0
09A4,0DB1
09A5,0DB2
09A6,0DB3
09A7,0DB4
09A8,0DB5
09A9,0DB6
09AA,0DB7
09AB,0DB8
09AC,0DB9
09AD,0DBA
09AE,0DBB
09AF,0DBC
09B0,0DBD
09B1,0DBE
09B2,0DBF
09B3,0DC0
09B4,0DC1
09B5,0DC2
09B6,0DC3
09B7,0DC4
09B8,0DC5
09B9,0DC6
09BA,0DC7
09BB,0DC8
09BC,0DC9
09BD,0DCA
09BE,0DCB
09BF,0DCC
09C0,0DCD
09C1,0DCE
09C2,0DCF
09C3,0DD0
09C4,0DD1
09C5,0DD2
09C6,0DD3
09C7,0DD4
09C8,0DD5
09C9,0DD6
09CA,0DD7
09CB,0DD8
09CC,0DD9
09CD,0DDA
09CE,0DDB
09CF,0DDC
09D0,0DDD
09D1,0DDE
09D2,0DDF
09D3,0DE0
09D4,0DE1
09D5,0DE2
09D6,0DE3
09D7,0DE4
09D8,0DE5
09D9,0DE6
09DA,0DE7
09DB,0DE8
09DC,0DE9
09DD,0DEA
09DE,0DEB
09DF,0DEC
09E0,0DED
09E1,0DEE
09E2,0DEF
09E3,0DF0
09E4,0DF1
09E5,0DF2
09E6,0DF3
09E7,0DF4
09E8,0DF5
09E9,0DF6
09EA,0DF7
09EB,0DF8
09EC,0DF9
09ED,0DFA
09EE,0DFB
09EF,0DFC
09F0,0DFD
09F1,0DFE
09F2,0DFF
09F4,0E01
09F5,0E02
09F6,0E03
09F7,0E04
09F8,0E05
09F9,0E06
09FA,0E07
1045,136D
1046,136E
1047,136F
1048,1370
103A,135C
1049,1371
104A,1372
104B,1373
104D,1375
104E,1376
104F,1377
1050,1378
1051,1379
1035,1357
1036,1358
1037,1359
1038,135A
1039,135B
103B,135D
103C,135E
103F,1362
0A58,137F
0A59,1380
0A5A,1381
0A5B,1382
0A5C,1383
0A5D,1384
0A5E,1385
0A5F,1386
0A60,1387
0A61,1388
0A62,1389
0A63,138A
0A64,138B
0A65,138C
0A66,138D
0A69,138E
4AE7,3CA1
4AEE,3CAA
4AEF,3CAB
4AF0,3CAC
4AF7,3CB3
4AFA,3CB6
4AFD,3CB9
4B00,3CBC
4B03,3CBF
4B06,3CC2
4ADC,3C96
4B16,3CD1
1E23,248D
1BD9,213D
1E1E,2488
3780,3243
3781,3244
3782,3245
1CAE,2215
1CA3,220A
1CA4,220B
1CA5,220C
1CA6,220D
1CA7,220E
1CA8,220F
1CA9,2210
1CAA,2211
1CAC,2213
1CAD,2214
1CBD,2224
1CBE,2225
1CBF,2226
1CC0,2227
1CC1,2228
1CC2,2229
1CC3,222A
1CC4,222B
1CC5,222C
1CC6,222D
1CC7,222E
1644,1B28
1917,1E20
4D91,3F60
4D92,3F61
1382,18F5
13CF,1942
1041,1364
1467,19DA
1468,19DB
141B,198E
141C,198F
140C,197F
33B5,3196
1C52,21B6
1C4C,21B0
5017,41C1
5018,41C2
5019,41C3
501A,41C4
501B,41C5
501C,41C6
501D,41C7
5030,41DA
5183,4344
5190,4351
51A0,4361
51A7,4368
51A8,4369
51B8,4376
51BB,4379
51BE,437C
51C1,437F
51C2,4380
51C7,4385
51CA,4388
4B6B,3D23
1366,4720
1367,4721
1368,4722
1369,4723
136A,4724
1392,4727
1393,4728
1340,472A
1341,472C
0428,473F
1342,4752
1343,475E
1344,4760
1345,4761
3FA3,479A
3FA4,479B
3FA5,479C
3FA6,479D
3FBF,47E0
3FDB,47F0
3FDC,47F1
38AE,47FD
38B8,4803
38B9,4809
38BE,480F
38C3,4815
38CE,4820
38CF,4825
38D0,482A
38D1,482F
38E2,4835
38E3,483A
38E4,483F
38E5,4844
3A65,4863
3A66,4864
3908,487B
3913,4883
3914,4884
400C,4904
400D,4909
4025,4916
4026,4917
402F,4921
4030,4922
403A,492D
403B,492E
4046,493B
4047,493C
404D,4946
404E,494B
406C,49B1
406D,49B6
3AB0,49C3
4080,49D3
4081,49D9
4082,49DE
4099,49EC
3AA2,49FB
3142,4D43
3162,4D58
115F,4E68
1160,4E69
109B,4E6B
109C,4E6C
10D5,4E6E
10D6,4E6F
55F7,510B
5612,5129
4829,516C
482A,5175
5667,51E5
5668,51E6
5669,51E7
566A,51E8
5685,51F7
568E,51FB
568F,51FC
569D,520C
569E,520D
56BB,5239
421C,5327
4230,5368
42B1,539F
42B2,53A0
4265,53A3
130E,53AE
4266,53B0
4267,53B1
427B,53B4
4280,53BA
4285,53C0
428A,53C6
428B,53CB
4290,53CD
4291,53D2
429A,53D8
429F,53DE
42A0,53E3
10C8,53EB
10C9,53EC
10CA,53F2
10C4,53F7
43EE,545D
43EF,545E
43F8,5468
43F9,5469
31CA,2A8A
31CB,2A8B
31CC,2A8C
31CD,2A8D
43FF,5474
441F,54A1
442C,54A9
442D,54AA
14AC,54C1
537C,55E0
53CC,5681
130F,5682
53C2,5692
53C3,5693
53C4,5694
53C5,5696
5420,56A1
541C,56C0
3CC6,2CC0
35F4,2CC1
3319,2A70
3CD7,2CE3
062B,06E6
31D5,2956
3CDF,2CEB
3CE3,2CEF
3CE7,2CF6
3CEB,2CFA
3CF0,2CFF
3CF5,2D04
3332,2A93
3333,2A94
3CFA,2D09
3CFF,2D0E
3D04,2D13
3D09,2D18
3D0E,2D1D
3D13,2D22
10B6,13E7
3CAD,2CAA
3CB2,2CAE
3CB3,2CAF
3CB4,285C
3CB5,285D
3929,2E2D
3932,2E36
393C,2E3B
3940,2E3F
3944,2E43
0B35,2BFD
57B3,2BFE
0B36,2BFF
0629,06E4
57C7,2C31
57CE,2C38
5289,2E63
585E,2E7F
5860,2E81
15DC,1A87
3754,3098
3758,309C
0335,03F7
0526,05E7
032F,03F1
0366,0428
059E,0659
04BB,057C
0363,0425
03B4,0476
223F,2538
137A,18ED
45FE,30C6
4607,30D4
460F,30E2
45F2,30B9
45F1,30B8
31B4,311E
31DD,3130
31E6,3136
31F4,3140
31FF,3148
3214,314F
3220,3155
3391,2889
032C,03EE
0331,03F3
03BB,047D
03A6,0468
04D3,0594
0A16,0E23
148E,1A01
148F,1A02
1490,1A03
1066,139E
15F8,1AA3
15F9,1AA4
15FA,1AA5
15FB,1AA6
1605,1AB0
1606,1AB1
1607,1AB2
15D7,1A82
15DF,1A8A
15E0,1A8B
15E1,1A8C
15F7,1AA2
1446,19B9
1D7E,22DB
1D7F,22DC
16EE,1BCC
16EF,1BCD
16F0,1BCE
16F1,1BCF
19BB,1F2F
19BC,1F30
19BD,1F31
19BE,1F32
05DD,0698
1BD7,213B
063A,06F5
063D,06F8
063E,06F9
1EFD,31DB
1EFE,31DC
1A64,1FD3
1A65,1FD4
1A66,1FD5
1A67,1FD6
3C2C,335B
3487,332F
3C3C,336B
3855,32D6
3865,32E3
386C,32EA
3870,32EE
3874,32F2
3878,32F6
3884,3302
4627,332E
462F,3340
4633,3344
46AB,345D
46B4,3469
46B8,346D
46BC,2C02
47F7,3614
47F8,3615
47F9,3616
0A4B,0E58
096C,0D79
096D,0D7A
096E,0D7B
32A6,29FF
32A8,2A01
32AD,2A04
32AE,2A05
32AF,2A06
32B0,2A07
32B1,2A08
32B3,2A0A
32C9,2868
32AC,2851
221F,2518
2220,2519
2221,251A
2222,251B
2223,251C
32CB,2A20
32CC,2A21
32CD,2A22
32CE,2A23
32CF,2A24
32D0,2A25
2261,2557
2262,2558
2263,2559
3301,2A57
3302,2A58
3303,2A59
3304,2A5A
3305,2A5B
3306,2A5C
32FE,2A54
32FF,2A55
3300,2A56
331F,2A75
3331,2A92
333D,2A9E
3345,2AA6
01A5,0274
01A3,0272
334A,2AAB
334F,2AB0
3355,2AB6
3359,2ABA
335E,2ABF
3363,2AC4
35F3,36AD
3617,36C1
361B,36C5
3620,36CA
3625,36CF
362F,36D8
3633,36DF
3635,36E1
2287,257D
35D2,3689
35DB,3692
35D8,368F
35D9,3690
35DA,3691
36A9,3775
36AA,3776
36AB,3777
36AC,3778
36AD,3779
36AE,377A
36A0,376E
368B,3759
1315,15CB
368C,375A
368D,28E3
36CC,379A
36CD,379B
36CE,379C
36CF,379D
36D0,379E
227A,2570
36CB,3799
227C,2572
36EF,37C1
36F0,37C2
36F1,37C3
36F2,37C4
36F3,37C5
36DC,37AE
36DD,37AF
36DE,37B0
36DF,37B1
370F,37D8
3717,37E8
371D,37EE
3722,37F3
3727,37F8
372C,37FD
3731,3802
3736,3807
373B,380C
4305,2904
4306,2905
4307,2906
4308,2907
42E2,28DC
42E3,28DD
42E4,28E0
42E5,28E1
42E6,28E2
4323,2939
4324,293A
4325,293B
4326,293C
4327,293D
431B,2931
431C,2932
431D,2933
2296,25E9
4335,295C
4336,295D
433B,2965
434F,2979
4354,297E
4359,2983
4360,298A
4364,298E
4368,2992
436D,2997
437A,29A6
4382,29AE
4386,29B2
438B,29B7
4390,29BC
4395,29C1
347D,3867
3482,386A
3486,386D
34A5,387A
34AA,387F
34B0,3885
34B9,388C
346D,3857
346C,3856
3544,38EA
3555,38FB
355C,3902
3562,3908
3568,390E
356D,3913
3572,3918
3577,391D
3528,38CE
3529,38CF
3527,38CD
3796,395E
37A6,396A
4465,3A03
3C69,3C74
3C4E,3C75
3C4D,3C87
09FB,0E08
09FC,0E09
09FD,0E0A
09FE,0E0B
09FF,0E0C
0A0E,0E1B
0A10,0E1D
0A14,0E21
0A17,0E24
0A19,0E26
0A1A,0E27
0A1C,0E29
0A1D,0E2A
0A1E,0E2B
0A1F,0E2C
0A20,0E2D
0A21,0E2E
0A22,0E2F
0A23,0E30
4AE8,3CA2
4AF1,3CAD
4AF3,3CAF
4AF5,3CB1
4AF8,3CB4
4AFB,3CB7
4AFE,3CBA
4B01,3CBD
4B04,3CC0
4B07,3CC3
4B17,3CD2
4D93,3F62
4D9D,3F6C
1C4D,21B1
1C4E,21B2
1C4F,21B3
501E,41C8
5020,41CA
5022,41CC
5023,41CD
5033,41DC
5184,4345
5185,4346
5186,4347
5191,4352
5192,4353
5193,4354
51A1,4362
51A9,436A
51B4,4372
51B9,4377
51BC,437A
51BF,437D
51C3,4381
51C5,4383
51C8,4386
51CB,4389
136C,4725
3FC0,47E1
38AF,47FE
38BA,480A
38BF,4810
38C4,4816
38D2,4821
38D6,4826
38DA,482B
38DE,4830
38E6,4836
38EA,483B
38EE,4840
38F2,4845
3909,487C
390A,487D
390B,487E
400E,4905
404F,4947
4056,494C
406E,49B2
3AB1,49C4
4083,49D4
4089,49DA
408D,49DF
409A,49ED
3AA3,49FC
482B,516D
482F,5176
56BC,523A
421D,5328
421E,5329
421F,532A
4268,53A4
4269,53A5
426A,53A6
426B,53A7
426C,53A8
227B,53AF
427C,53B5
4281,53BB
4286,53C1
428C,53C7
4292,53CE
4296,53D3
429B,53D9
42A1,53DF
42A5,53E4
4400,5475
2289,5683
53C6,5697
1860,1D68
5421,56A2
1861,1D69
3CC7,2CC2
3CC8,2CC3
3CC9,2CC4
360C,2CD0
360D,2CD2
360E,2CD3
331A,2A71
3CD8,2CE4
3CD9,2CE5
3CDA,2CE6
31D6,2957
3CE0,2CEC
3CE1,2CED
3CE2,2CEE
3CE4,2CF1
3CE5,2CF2
3CE6,2CF3
3CE8,2CF7
3CE9,2CF8
3CEA,2CF9
3CEC,2CFB
3CED,2CFC
3CEE,2CFD
3CF1,2D00
3CF2,2D01
3CF3,2D02
3CF6,2D05
3CF7,2D06
3CF8,2D07
333C,2A9D
3CFB,2D0A
3CFC,2D0B
3CFD,2D0C
3D00,2D0F
3D01,2D10
3D02,2D11
3D05,2D14
3D06,2D15
3D07,2D16
3D0A,2D19
3D0B,2D1A
3D0C,2D1B
3D0F,2D1E
3D10,2D1F
3D11,2D20
3D14,2D23
3D15,2D24
3D16,2D25
10B8,13E9
04BD,057E
392A,2E2E
392B,2E2F
392C,2E30
3933,2E37
3934,2E38
3935,2E39
393D,2E3C
393E,2E3D
393F,2E3E
3941,2E40
3942,2E41
3943,2E42
3945,2E44
3946,2E45
3947,2E46
57C8,2C32
57C9,2C33
57CA,2C34
57CF,2C39
57D0,2C3A
57D1,2C3B
528A,2E64
528B,2E65
528C,2E66
3755,3099
3756,309A
3757,309B
3759,309D
375A,309E
375B,309F
04BC,057D
137B,18EE
45FF,30C7
4600,30C8
4601,30C9
4608,30D5
4609,30D6
460A,30D7
4610,30E3
4611,30E4
4612,30E5
45F3,30BA
45F4,30BB
31B6,311F
31B7,3120
31DE,3131
31DF,3132
31E0,3133
31E7,3137
31E8,3138
31E9,3139
31F5,3141
31F6,3142
31F7,3143
3200,3149
3201,314A
3202,314B
3215,3150
3216,3151
3217,3152
3221,3156
3222,3157
3223,3158
3392,288A
3393,288B
3394,288C
0330,03F2
0332,03F4
15FE,1AA9
15E2,1A8D
15EF,1A9A
15F3,1A9E
3C2D,335C
3C2E,335D
3C2F,335E
3488,3330
3C3D,336C
3C3E,336D
3C3F,336E
3856,32D7
3857,32D8
3858,32D9
3866,32E4
3867,32E5
3868,32E6
386D,32EB
386E,32EC
386F,32ED
3871,32EF
3872,32F0
3873,32F1
3875,32F3
3876,32F4
3877,32F5
3879,32F7
387A,32F8
387B,32F9
3885,3303
3886,3304
3887,3305
4628,3331
4629,3332
462A,3333
4630,3341
4631,3342
4632,3343
4634,3345
4635,3346
4636,3347
46AC,345E
46AD,345F
46AE,3460
46B5,346A
46B6,346B
46B7,346C
46B9,346E
46BA,346F
46BB,3470
32B4,2940
32B5,2A0B
32BE,2A14
2226,251F
2227,2520
2225,251E
32FB,2A51
32D1,2A26
32E6,2A3C
32E7,2A3D
226E,2564
226F,2565
2270,2566
2271,2567
2272,2568
2265,255B
2266,255C
2267,255D
2268,255E
2269,255F
226A,2560
226B,2561
226C,2562
226D,2563
3307,2A5D
330F,2A65
3334,2A95
3335,2A96
3336,2A97
333E,2A9F
333F,2AA0
3340,2AA1
3346,2AA7
3347,2AA8
3348,2AA9
01A4,0273
334B,2AAC
334C,2AAD
334D,2AAE
3350,2AB1
3351,2AB2
3352,2AB3
3356,2AB7
3357,2AB8
3358,2AB9
335A,2ABB
335B,2ABC
335C,2ABD
335F,2AC0
3360,2AC1
3361,2AC2
3364,2AC5
3365,2AC6
3366,2AC7
35F5,36AE
35F6,36AF
35F7,36B0
3618,36C2
3619,36C3
361A,36C4
361C,36C6
361D,36C7
361E,36C8
3621,36CB
3622,36CC
3623,36CD
3626,36D0
3627,36D1
3628,36D2
3630,36D9
3636,36E2
3637,36E3
3638,36E4
2288,257E
36AF,377B
36B0,377C
36C0,378A
3696,3764
3697,3765
3698,3766
3699,3767
369A,3768
368E,375B
368F,375C
3690,375D
3691,375F
3692,3760
36D1,379F
2284,257A
2285,257B
227D,2573
227E,2574
227F,2575
2280,2576
2281,2577
2282,2578
36F4,37C6
36F5,37C7
36E3,37B5
36E4,37B6
36E5,37B7
36E6,37B8
36E7,37B9
36E0,37B2
36E1,37B3
36E2,37B4
3710,37D9
3711,37DA
3712,37DB
3718,37E9
3719,37EA
371A,37EB
371E,37EF
371F,37F0
3720,37F1
3723,37F4
3724,37F5
3725,37F6
3728,37F9
3729,37FA
372A,37FB
372D,37FE
372E,37FF
372F,3800
3732,3803
3733,3804
3734,3805
3737,3808
3738,3809
3739,380A
373C,380D
373D,380E
373E,380F
42F1,28EE
42F2,28EF
42F3,28F0
42F4,28F1
42F5,28F2
42E7,28E4
42E8,28E5
42E9,28E6
42EA,28E7
42EE,28EB
42EF,28EC
4328,2941
4320,2936
4321,2937
431E,2934
431F,2935
2297,25EA
4337,295E
4338,295F
4339,2960
433C,2966
433D,2967
433E,2968
4350,297A
4351,297B
4352,297C
4355,297F
4356,2980
4357,2981
435A,2984
435B,2985
435C,2986
4361,298B
4362,298C
4363,298D
4365,298F
4366,2990
4367,2991
4369,2993
436A,2994
436B,2995
436E,2998
436F,2999
4370,299A
437B,29A7
437C,29A8
437D,29A9
4383,29AF
4384,29B0
4385,29B1
4387,29B3
4388,29B4
4389,29B5
438C,29B8
438D,29B9
438E,29BA
4391,29BD
4392,29BE
4393,29BF
4396,29C2
4397,29C3
4398,29C4
3489,386E
348A,386F
348B,3870
34A6,387B
34A7,387C
34A8,387D
34AB,3880
34AC,3881
34AD,3882
34B1,3886
34B2,3887
34B3,3888
34BA,388D
34BB,388E
34BC,388F
346E,3858
3545,38EB
3546,38EC
3547,38ED
3556,38FC
3557,38FD
3558,38FE
355D,3903
355E,3904
355F,3905
3563,3909
3564,390A
3565,390B
3569,390F
356A,3910
356B,3911
356E,3914
356F,3915
3570,3916
3573,3919
3574,391A
3575,391B
3578,391E
3579,391F
357A,3920
352A,38D0
3797,395F
3798,3960
3799,3961
37A7,396B
37A8,396C
37A9,396D
4466,3A04
4467,3A05
4468,3A06
3C6A,3C76
3C6B,3C77
3C6C,3C78
3C52,3C79
3C5F,3C7D
3C60,3C7E
3C4F,3C88
3C50,3C89
3C51,3C8A
0A03,0E10
0A15,0E22
0A33,0E40
4AE9,3CA3
4AF2,3CAE
4AF4,3CB0
4AF6,3CB2
4AF9,3CB5
4AFC,3CB8
4AFF,3CBB
4B02,3CBE
4B05,3CC1
4B08,3CC4
4B18,3CD3
4B19,3CD4
4B1A,3CD5
4D94,3F63
4D95,3F64
4D96,3F65
4D9E,3F6D
4D9F,3F6E
4DA0,3F6F
5024,41CE
5187,4348
518D,434E
5194,4355
519A,435B
519B,435C
51A2,4363
51AA,436B
51B5,4373
51BA,4378
51BD,437B
51C0,437E
51C4,4382
51C6,4384
51C9,4387
51CC,438A
3FC1,47E2
3FC2,47E3
3FC3,47E4
38B0,47FF
38B1,4800
38B2,4801
38BB,480B
38BC,480C
38BD,480D
38C0,4811
38C1,4812
38C2,4813
38C5,4817
38C6,4818
38C7,4819
38D3,4822
38D4,4823
38D5,4824
38D7,4827
38D8,4828
38D9,4829
38DB,482C
38DC,482D
38DD,482E
38DF,4831
38E0,4832
38E1,4833
38E7,4837
38E8,4838
38E9,4839
38EB,483C
38EC,483D
38ED,483E
38EF,4841
38F0,4842
38F1,4843
38F3,4846
38F4,4847
38F5,4848
400F,4906
4010,4907
4011,4908
4050,4948
4051,4949
4052,494A
4057,494D
4058,494E
4059,494F
406F,49B3
4070,49B4
4071,49B5
3AB2,49C5
3AB3,49C8
3AB4,49C9
4084,49D5
4085,49D7
4086,49D8
408A,49DB
408B,49DC
408C,49DD
408E,49E0
408F,49E2
4090,49E3
409B,49EE
409C,49F0
409D,49F1
3AA4,49FD
3AA5,49FE
3AA6,49FF
482C,516E
482D,5173
482E,5174
4830,5177
4831,5178
4832,5179
56BD,523B
56BE,523C
56BF,523D
426D,53A9
427D,53B6
427E,53B7
427F,53B8
4282,53BC
4283,53BD
4284,53BE
4287,53C2
4288,53C3
4289,53C4
428D,53C8
428E,53C9
428F,53CA
4293,53CF
4294,53D0
4295,53D1
4297,53D4
4298,53D5
4299,53D6
429C,53DA
429D,53DB
429E,53DC
42A2,53E0
42A3,53E1
42A4,53E2
42A6,53E5
42A7,53E6
42A8,53E7
4401,5476
4402,5477
4403,5478
5422,56A3
0419,56AC
041A,56B1
041B,56B3
041C,56B4
5423,56BD
041E,56BE
15E3,1A8E
15E4,1A8F
15E5,1A90
15F0,1A9B
15F1,1A9C
15F2,1A9D
15F4,1A9F
15F5,1AA0
15F6,1AA1
32B6,2A0C
32BF,2A15
2228,2521
32D2,2A27
32E8,2A3E
32EC,2A42
2277,256D
1846,1D4F
1847,1D50
1848,1D51
1849,1D52
184A,1D53
184C,1D54
184D,1D55
184E,1D56
184F,1D57
1850,1D58
1851,1D59
1853,1D5B
1854,1D5C
1855,1D5D
2273,2569
2274,256A
2278,256E
2279,256F
3308,2A5E
3310,2A66
1150,1482
1151,1483
36B1,377D
36B9,3786
36C1,378B
369B,3769
369C,376A
369D,376B
369F,376D
36A1,28F8
36A2,376F
36A3,3770
36A4,3771
36A5,3772
36A6,3773
047F,0541
36A7,28FD
36A8,3774
36D2,37A0
2286,257C
36F6,37C8
3707,37D0
36E8,37BA
36E9,37BB
36EA,37BC
36EB,37BD
36EC,37BE
36ED,37BF
36EE,37C0
42FA,28F7
42F6,28F3
42FB,28F9
42FC,28FA
42FD,28FB
42FE,28FC
42FF,28FE
4329,2942
4322,2938
3C54,3C7A
3C61,3C7F
3C62,3C80
5188,4349
518E,434F
5195,4356
519C,435D
519E,435F
426E,53AA
5424,56A4
041F,56AD
0423,56B2
03FB,56B5
0424,56B6
03FC,56B7
03FD,56B8
0425,56B9
0427,56BB
32B7,2A0D
32B8,2A0E
32B9,2A0F
32C0,2A16
32C1,2A17
32C2,2A18
32D3,2A28
32D4,2A29
32D5,2A2A
32E9,2A3F
32EA,2A40
32EB,2A41
32ED,2A43
32EE,2A44
32EF,2A45
185A,1D62
185B,1D63
185C,1D64
185E,1D66
185F,1D67
1862,1D6A
1863,1D6B
1864,1D6C
1867,1D6F
1865,1D6D
1866,1D6E
1868,1D70
3309,2A5F
330A,2A60
330B,2A61
3311,2A67
3312,2A68
3313,2A69
36B2,377E
36B3,377F
36B4,3780
36BA,3787
36BB,3788
36BC,3789
36C2,378C
36C3,378D
36C4,378E
36D3,37A1
36D4,37A2
36D5,37A3
36F7,37C9
36F8,37CA
36F9,37CB
3708,37D1
3709,37D2
370A,37D3
4300,28FF
432A,2943
432B,2944
432C,2945
3C56,3C7C
5189,434A
518F,4350
5196,4357
519D,435E
519F,4360
426F,53AB
4270,53AC
4271,53AD
4301,2900
